scena,cluster_sizes,number_clusters,beta_X_list,latent_ICC,rho11,rho22,rho12,bin_rho0,bin_rho01,ordinal_dist_type,gamma0,gamma1,mean_rank_icc,N,m,small_cluster
1,50,10,0.4054651081081644,0.01,0.0048815363639511,1.7552948250895657e-4,-3.332691810448015e-5,0.0048815363639511,0.00490668175856702,U-shape,-0.00100062420303745,0.4064656181389724,0.01639564298304893,500,250,yes
2,50,10,0.6931471805599453,0.01,0.00499208974361935,2.2090683089850488e-4,-6.141969562276627e-5,0.00499208974361935,0.00499746398308053,U-shape,0.1388587612187981,0.5542884200469607,0.03692161024052715,500,250,yes
3,50,10,0.4054651081081644,0.02,0.00996374812890549,3.9945942042116496e-4,-1.229363695538488e-4,0.00996374812890549,0.00996260330946638,U-shape,-0.00201654034472483,0.4074815455394853,0.02201825248151671,500,250,yes
4,50,10,0.6931471805599453,0.02,0.01000141776203714,4.0469891169355246e-4,-7.965573052915489e-5,0.01000141776203714,0.01004392326424172,U-shape,0.13786350697833163,0.5552836732713435,0.04208197646537809,500,250,yes
5,50,10,0.4054651081081644,0.05,0.02511275096637279,9.995249076918955e-4,-2.5967119393736e-4,0.02511275096637279,0.02515558256123299,U-shape,-0.00516061793847246,0.41062565613550583,0.03790449679799111,500,250,yes
6,50,10,0.6931471805599453,0.05,0.02546531292284136,0.00109880122741345,-3.32303476228942e-4,0.02546531292284136,0.02543717916546447,U-shape,0.13478203680535236,0.5583651511064808,0.05739049992218006,500,250,yes
7,100,10,0.4054651081081644,0.01,0.0048815363639511,1.7552948250895657e-4,-3.332691810448015e-5,0.0048815363639511,0.00490668175856702,U-shape,-0.00100062420303745,0.4064656181389724,0.01639564298304893,1000,500,yes
8,100,10,0.4054651081081644,0.02,0.00996374812890549,3.9945942042116496e-4,-1.229363695538488e-4,0.00996374812890549,0.00996260330946638,U-shape,-0.00201654034472483,0.4074815455394853,0.02201825248151671,1000,500,yes
9,100,10,0.4054651081081644,0.05,0.02511275096637279,9.995249076918955e-4,-2.5967119393736e-4,0.02511275096637279,0.02515558256123299,U-shape,-0.00516061793847246,0.41062565613550583,0.03790449679799111,1000,500,yes
10,50,20,0.4054651081081644,0.01,0.0048815363639511,1.7552948250895657e-4,-3.332691810448015e-5,0.0048815363639511,0.00490668175856702,U-shape,-0.00100062420303745,0.4064656181389724,0.01639564298304893,1000,500,yes
11,50,20,0.6931471805599453,0.01,0.00499208974361935,2.2090683089850488e-4,-6.141969562276627e-5,0.00499208974361935,0.00499746398308053,U-shape,0.1388587612187981,0.5542884200469607,0.03692161024052715,1000,500,yes
12,50,20,0.4054651081081644,0.02,0.00996374812890549,3.9945942042116496e-4,-1.229363695538488e-4,0.00996374812890549,0.00996260330946638,U-shape,-0.00201654034472483,0.4074815455394853,0.02201825248151671,1000,500,yes
13,50,20,0.6931471805599453,0.02,0.01000141776203714,4.0469891169355246e-4,-7.965573052915489e-5,0.01000141776203714,0.01004392326424172,U-shape,0.13786350697833163,0.5552836732713435,0.04208197646537809,1000,500,yes
14,50,20,0.4054651081081644,0.05,0.02511275096637279,9.995249076918955e-4,-2.5967119393736e-4,0.02511275096637279,0.02515558256123299,U-shape,-0.00516061793847246,0.41062565613550583,0.03790449679799111,1000,500,yes
15,50,20,0.6931471805599453,0.05,0.02546531292284136,0.00109880122741345,-3.32303476228942e-4,0.02546531292284136,0.02543717916546447,U-shape,0.13478203680535236,0.5583651511064808,0.05739049992218006,1000,500,yes
16,100,20,0.4054651081081644,0.01,0.0048815363639511,1.7552948250895657e-4,-3.332691810448015e-5,0.0048815363639511,0.00490668175856702,U-shape,-0.00100062420303745,0.4064656181389724,0.01639564298304893,2000,1000,yes
17,100,20,0.4054651081081644,0.02,0.00996374812890549,3.9945942042116496e-4,-1.229363695538488e-4,0.00996374812890549,0.00996260330946638,U-shape,-0.00201654034472483,0.4074815455394853,0.02201825248151671,2000,1000,yes
18,100,20,0.4054651081081644,0.05,0.02511275096637279,9.995249076918955e-4,-2.5967119393736e-4,0.02511275096637279,0.02515558256123299,U-shape,-0.00516061793847246,0.41062565613550583,0.03790449679799111,2000,1000,yes
19,50,50,0.4054651081081644,0.01,0.0048815363639511,1.7552948250895657e-4,-3.332691810448015e-5,0.0048815363639511,0.00490668175856702,U-shape,-0.00100062420303745,0.4064656181389724,0.01639564298304893,2500,1250,no
20,50,50,0.4054651081081644,0.02,0.00996374812890549,3.9945942042116496e-4,-1.229363695538488e-4,0.00996374812890549,0.00996260330946638,U-shape,-0.00201654034472483,0.4074815455394853,0.02201825248151671,2500,1250,no
21,50,50,0.4054651081081644,0.05,0.02511275096637279,9.995249076918955e-4,-2.5967119393736e-4,0.02511275096637279,0.02515558256123299,U-shape,-0.00516061793847246,0.41062565613550583,0.03790449679799111,2500,1250,no
22,50,100,0.4054651081081644,0.01,0.0048815363639511,1.7552948250895657e-4,-3.332691810448015e-5,0.0048815363639511,0.00490668175856702,U-shape,-0.00100062420303745,0.4064656181389724,0.01639564298304893,5000,2500,no
23,50,100,0.4054651081081644,0.02,0.00996374812890549,3.9945942042116496e-4,-1.229363695538488e-4,0.00996374812890549,0.00996260330946638,U-shape,-0.00201654034472483,0.4074815455394853,0.02201825248151671,5000,2500,no
24,50,100,0.4054651081081644,0.05,0.02511275096637279,9.995249076918955e-4,-2.5967119393736e-4,0.02511275096637279,0.02515558256123299,U-shape,-0.00516061793847246,0.41062565613550583,0.03790449679799111,5000,2500,no
25,50,10,0.4054651081081644,0.01,0.00523000852019537,0.00295648778159823,-0.00205205060624172,0.00523000852019537,0.00491718431296257,bell,-2.021868429271497,2.427333136978035,0.01260247521888875,500,250,yes
26,50,10,0.6931471805599453,0.01,0.00516193896906859,0.00302430660231293,-0.00200522175118085,0.00516193896906859,0.0049516011079108,bell,-1.9090897753161955,2.602236955952833,0.02503081431855272,500,250,yes
27,50,10,0.4054651081081644,0.02,0.00994110398434295,0.00575645947818196,-0.00386386316559101,0.00994110398434295,0.00978046828205837,bell,-2.0330240633532446,2.4384893202160653,0.01933118140412299,500,250,yes
28,50,10,0.6931471805599453,0.02,0.01002522917796857,0.00610217972861747,-0.00390786402792745,0.01002522917796857,0.01003712062809937,bell,-1.920092470247648,2.6132396587533884,0.03173287666178384,500,250,yes
29,50,10,0.4054651081081644,0.05,0.02517196808927447,0.01507740076161847,-0.00989034299234139,0.02517196808927447,0.02525763051744933,bell,-2.0675487904754006,2.4730135119479013,0.03952168639903645,500,250,yes
30,50,10,0.6931471805599453,0.05,0.02557796204953965,0.01556801013523883,-0.01012442719958941,0.02557796204953965,0.02536813603390828,bell,-1.9541511847934945,2.647298388661804,0.04913864398317117,500,250,yes
31,100,10,0.4054651081081644,0.01,0.00523000852019537,0.00295648778159823,-0.00205205060624172,0.00523000852019537,0.00491718431296257,bell,-2.021868429271497,2.427333136978035,0.01260247521888875,1000,500,yes
32,100,10,0.4054651081081644,0.02,0.00994110398434295,0.00575645947818196,-0.00386386316559101,0.00994110398434295,0.00978046828205837,bell,-2.0330240633532446,2.4384893202160653,0.01933118140412299,1000,500,yes
33,100,10,0.4054651081081644,0.05,0.02517196808927447,0.01507740076161847,-0.00989034299234139,0.02517196808927447,0.02525763051744933,bell,-2.0675487904754006,2.4730135119479013,0.03952168639903645,1000,500,yes
34,50,20,0.4054651081081644,0.01,0.00523000852019537,0.00295648778159823,-0.00205205060624172,0.00523000852019537,0.00491718431296257,bell,-2.021868429271497,2.427333136978035,0.01260247521888875,1000,500,yes
35,50,20,0.6931471805599453,0.01,0.00516193896906859,0.00302430660231293,-0.00200522175118085,0.00516193896906859,0.0049516011079108,bell,-1.9090897753161955,2.602236955952833,0.02503081431855272,1000,500,yes
36,50,20,0.4054651081081644,0.02,0.00994110398434295,0.00575645947818196,-0.00386386316559101,0.00994110398434295,0.00978046828205837,bell,-2.0330240633532446,2.4384893202160653,0.01933118140412299,1000,500,yes
37,50,20,0.6931471805599453,0.02,0.01002522917796857,0.00610217972861747,-0.00390786402792745,0.01002522917796857,0.01003712062809937,bell,-1.920092470247648,2.6132396587533884,0.03173287666178384,1000,500,yes
38,50,20,0.4054651081081644,0.05,0.02517196808927447,0.01507740076161847,-0.00989034299234139,0.02517196808927447,0.02525763051744933,bell,-2.0675487904754006,2.4730135119479013,0.03952168639903645,1000,500,yes
39,50,20,0.6931471805599453,0.05,0.02557796204953965,0.01556801013523883,-0.01012442719958941,0.02557796204953965,0.02536813603390828,bell,-1.9541511847934945,2.647298388661804,0.04913864398317117,1000,500,yes
40,100,20,0.4054651081081644,0.01,0.00523000852019537,0.00295648778159823,-0.00205205060624172,0.00523000852019537,0.00491718431296257,bell,-2.021868429271497,2.427333136978035,0.01260247521888875,2000,1000,yes
41,100,20,0.4054651081081644,0.02,0.00994110398434295,0.00575645947818196,-0.00386386316559101,0.00994110398434295,0.00978046828205837,bell,-2.0330240633532446,2.4384893202160653,0.01933118140412299,2000,1000,yes
42,100,20,0.4054651081081644,0.05,0.02517196808927447,0.01507740076161847,-0.00989034299234139,0.02517196808927447,0.02525763051744933,bell,-2.0675487904754006,2.4730135119479013,0.03952168639903645,2000,1000,yes
43,50,50,0.4054651081081644,0.01,0.00523000852019537,0.00295648778159823,-0.00205205060624172,0.00523000852019537,0.00491718431296257,bell,-2.021868429271497,2.427333136978035,0.01260247521888875,2500,1250,no
44,50,50,0.4054651081081644,0.02,0.00994110398434295,0.00575645947818196,-0.00386386316559101,0.00994110398434295,0.00978046828205837,bell,-2.0330240633532446,2.4384893202160653,0.01933118140412299,2500,1250,no
45,50,50,0.4054651081081644,0.05,0.02517196808927447,0.01507740076161847,-0.00989034299234139,0.02517196808927447,0.02525763051744933,bell,-2.0675487904754006,2.4730135119479013,0.03952168639903645,2500,1250,no
46,50,100,0.4054651081081644,0.01,0.00523000852019537,0.00295648778159823,-0.00205205060624172,0.00523000852019537,0.00491718431296257,bell,-2.021868429271497,2.427333136978035,0.01260247521888875,5000,2500,no
47,50,100,0.4054651081081644,0.02,0.00994110398434295,0.00575645947818196,-0.00386386316559101,0.00994110398434295,0.00978046828205837,bell,-2.0330240633532446,2.4384893202160653,0.01933118140412299,5000,2500,no
48,50,100,0.4054651081081644,0.05,0.02517196808927447,0.01507740076161847,-0.00989034299234139,0.02517196808927447,0.02525763051744933,bell,-2.0675487904754006,2.4730135119479013,0.03952168639903645,5000,2500,no
49,50,10,0.4054651081081644,0.01,0.00513845085351359,9.292716192353716e-4,0.00150169088580933,0.00513845085351359,0.00509082897481606,common,-2.0218688899017336,-1.2028110335878195,0.01291175527962738,500,250,yes
50,50,10,0.6931471805599453,0.01,0.00503839344489988,9.3681459391213e-4,0.00144157599949555,0.00503839344489988,0.00496452367338316,common,-1.9090894474606124,-1.0825242355095177,0.02401909970344155,500,250,yes
51,50,10,0.4054651081081644,0.02,0.00974822969772573,0.00185348504075634,0.00296299014803118,0.00974822969772573,0.00986127447943029,common,-2.0330251341903427,-1.2098394065121356,0.01739181767323472,500,250,yes
52,50,10,0.6931471805599453,0.02,0.00994698245548732,0.0019221556339004,0.0030385619442695,0.00994698245548732,0.01007600897437107,common,-1.9200930639067004,-1.0894340887185665,0.02793907985829265,500,250,yes
53,50,10,0.4054651081081644,0.05,0.02509332129102622,0.00471865750101695,0.00747158799847797,0.02509332129102622,0.02515097742429944,common,-2.067549125977829,-1.23159059181798,0.03414358076121956,500,250,yes
54,50,10,0.6931471805599453,0.05,0.02446496330743793,0.0047564018081213,0.00746722907179749,0.02446496330743793,0.02479841432778171,common,-1.9541518011800405,-1.11082484257754,0.0442964579039669,500,250,yes
55,100,10,0.4054651081081644,0.01,0.00513845085351359,9.292716192353716e-4,0.00150169088580933,0.00513845085351359,0.00509082897481606,common,-2.0218688899017336,-1.2028110335878195,0.01291175527962738,1000,500,yes
56,100,10,0.4054651081081644,0.02,0.00974822969772573,0.00185348504075634,0.00296299014803118,0.00974822969772573,0.00986127447943029,common,-2.0330251341903427,-1.2098394065121356,0.01739181767323472,1000,500,yes
57,100,10,0.4054651081081644,0.05,0.02509332129102622,0.00471865750101695,0.00747158799847797,0.02509332129102622,0.02515097742429944,common,-2.067549125977829,-1.23159059181798,0.03414358076121956,1000,500,yes
58,50,20,0.4054651081081644,0.01,0.00513845085351359,9.292716192353716e-4,0.00150169088580933,0.00513845085351359,0.00509082897481606,common,-2.0218688899017336,-1.2028110335878195,0.01291175527962738,1000,500,yes
59,50,20,0.6931471805599453,0.01,0.00503839344489988,9.3681459391213e-4,0.00144157599949555,0.00503839344489988,0.00496452367338316,common,-1.9090894474606124,-1.0825242355095177,0.02401909970344155,1000,500,yes
60,50,20,0.4054651081081644,0.02,0.00974822969772573,0.00185348504075634,0.00296299014803118,0.00974822969772573,0.00986127447943029,common,-2.0330251341903427,-1.2098394065121356,0.01739181767323472,1000,500,yes
61,50,20,0.6931471805599453,0.02,0.00994698245548732,0.0019221556339004,0.0030385619442695,0.00994698245548732,0.01007600897437107,common,-1.9200930639067004,-1.0894340887185665,0.02793907985829265,1000,500,yes
62,50,20,0.4054651081081644,0.05,0.02509332129102622,0.00471865750101695,0.00747158799847797,0.02509332129102622,0.02515097742429944,common,-2.067549125977829,-1.23159059181798,0.03414358076121956,1000,500,yes
63,50,20,0.6931471805599453,0.05,0.02446496330743793,0.0047564018081213,0.00746722907179749,0.02446496330743793,0.02479841432778171,common,-1.9541518011800405,-1.11082484257754,0.0442964579039669,1000,500,yes
64,100,20,0.4054651081081644,0.01,0.00513845085351359,9.292716192353716e-4,0.00150169088580933,0.00513845085351359,0.00509082897481606,common,-2.0218688899017336,-1.2028110335878195,0.01291175527962738,2000,1000,yes
65,100,20,0.4054651081081644,0.02,0.00974822969772573,0.00185348504075634,0.00296299014803118,0.00974822969772573,0.00986127447943029,common,-2.0330251341903427,-1.2098394065121356,0.01739181767323472,2000,1000,yes
66,100,20,0.4054651081081644,0.05,0.02509332129102622,0.00471865750101695,0.00747158799847797,0.02509332129102622,0.02515097742429944,common,-2.067549125977829,-1.23159059181798,0.03414358076121956,2000,1000,yes
67,50,50,0.4054651081081644,0.01,0.00513845085351359,9.292716192353716e-4,0.00150169088580933,0.00513845085351359,0.00509082897481606,common,-2.0218688899017336,-1.2028110335878195,0.01291175527962738,2500,1250,no
68,50,50,0.4054651081081644,0.02,0.00974822969772573,0.00185348504075634,0.00296299014803118,0.00974822969772573,0.00986127447943029,common,-2.0330251341903427,-1.2098394065121356,0.01739181767323472,2500,1250,no
69,50,50,0.4054651081081644,0.05,0.02509332129102622,0.00471865750101695,0.00747158799847797,0.02509332129102622,0.02515097742429944,common,-2.067549125977829,-1.23159059181798,0.03414358076121956,2500,1250,no
70,50,100,0.4054651081081644,0.01,0.00513845085351359,9.292716192353716e-4,0.00150169088580933,0.00513845085351359,0.00509082897481606,common,-2.0218688899017336,-1.2028110335878195,0.01291175527962738,5000,2500,no
71,50,100,0.4054651081081644,0.02,0.00974822969772573,0.00185348504075634,0.00296299014803118,0.00974822969772573,0.00986127447943029,common,-2.0330251341903427,-1.2098394065121356,0.01739181767323472,5000,2500,no
72,50,100,0.4054651081081644,0.05,0.02509332129102622,0.00471865750101695,0.00747158799847797,0.02509332129102622,0.02515097742429944,common,-2.067549125977829,-1.23159059181798,0.03414358076121956,5000,2500,no
73,50,10,0.4054651081081644,0.01,0.00505726896434369,8.008906316459745e-4,-3.543616204591332e-4,0.00505726896434369,0.00506349961186723,even,-0.5159877182027522,0.8759268660862634,0.01819477386905188,500,250,yes
74,50,10,0.6931471805599453,0.01,0.00505397920454193,8.612122487825177e-4,-4.079670375836984e-4,0.00505397920454193,0.00497354919047873,even,-0.38562618281130107,1.0324612998031433,0.04020759747483685,500,250,yes
75,50,10,0.4054651081081644,0.02,0.01001610066179986,0.0015502302287268,-7.086203321704589e-4,0.01001610066179986,0.00998090183585973,even,-0.5195744631809277,0.8792860728076928,0.02431280478011602,500,250,yes
76,50,10,0.6931471805599453,0.02,0.01027570592374058,0.00175214386979049,-7.83532139051996e-4,0.01027570592374058,0.0102137394367527,even,-0.38914353651347233,1.0357550965100768,0.046968586499244853,500,250,yes
77,50,10,0.4054651081081644,0.05,0.0256279546113436,0.00416527680807883,-0.00185415591706065,0.0256279546113436,0.02563312897917953,even,-0.5306746857734366,0.8896821348969451,0.04324235782539755,500,250,yes
78,50,10,0.6931471805599453,0.05,0.02548129671539855,0.00437402549095693,-0.00196731493227517,0.02548129671539855,0.02528233081263875,even,-0.40003354080895753,1.0459529978973945,0.06380502382918014,500,250,yes
79,100,10,0.4054651081081644,0.01,0.00505726896434369,8.008906316459745e-4,-3.543616204591332e-4,0.00505726896434369,0.00506349961186723,even,-0.5159877182027522,0.8759268660862634,0.01819477386905188,1000,500,yes
80,100,10,0.4054651081081644,0.02,0.01001610066179986,0.0015502302287268,-7.086203321704589e-4,0.01001610066179986,0.00998090183585973,even,-0.5195744631809277,0.8792860728076928,0.02431280478011602,1000,500,yes
81,100,10,0.4054651081081644,0.05,0.0256279546113436,0.00416527680807883,-0.00185415591706065,0.0256279546113436,0.02563312897917953,even,-0.5306746857734366,0.8896821348969451,0.04324235782539755,1000,500,yes
82,50,20,0.4054651081081644,0.01,0.00505726896434369,8.008906316459745e-4,-3.543616204591332e-4,0.00505726896434369,0.00506349961186723,even,-0.5159877182027522,0.8759268660862634,0.01819477386905188,1000,500,yes
83,50,20,0.6931471805599453,0.01,0.00505397920454193,8.612122487825177e-4,-4.079670375836984e-4,0.00505397920454193,0.00497354919047873,even,-0.38562618281130107,1.0324612998031433,0.04020759747483685,1000,500,yes
84,50,20,0.4054651081081644,0.02,0.01001610066179986,0.0015502302287268,-7.086203321704589e-4,0.01001610066179986,0.00998090183585973,even,-0.5195744631809277,0.8792860728076928,0.02431280478011602,1000,500,yes
85,50,20,0.6931471805599453,0.02,0.01027570592374058,0.00175214386979049,-7.83532139051996e-4,0.01027570592374058,0.0102137394367527,even,-0.38914353651347233,1.0357550965100768,0.046968586499244853,1000,500,yes
86,50,20,0.4054651081081644,0.05,0.0256279546113436,0.00416527680807883,-0.00185415591706065,0.0256279546113436,0.02563312897917953,even,-0.5306746857734366,0.8896821348969451,0.04324235782539755,1000,500,yes
87,50,20,0.6931471805599453,0.05,0.02548129671539855,0.00437402549095693,-0.00196731493227517,0.02548129671539855,0.02528233081263875,even,-0.40003354080895753,1.0459529978973945,0.06380502382918014,1000,500,yes
88,100,20,0.4054651081081644,0.01,0.00505726896434369,8.008906316459745e-4,-3.543616204591332e-4,0.00505726896434369,0.00506349961186723,even,-0.5159877182027522,0.8759268660862634,0.01819477386905188,2000,1000,yes
89,100,20,0.4054651081081644,0.02,0.01001610066179986,0.0015502302287268,-7.086203321704589e-4,0.01001610066179986,0.00998090183585973,even,-0.5195744631809277,0.8792860728076928,0.02431280478011602,2000,1000,yes
90,100,20,0.4054651081081644,0.05,0.0256279546113436,0.00416527680807883,-0.00185415591706065,0.0256279546113436,0.02563312897917953,even,-0.5306746857734366,0.8896821348969451,0.04324235782539755,2000,1000,yes
91,50,50,0.4054651081081644,0.01,0.00505726896434369,8.008906316459745e-4,-3.543616204591332e-4,0.00505726896434369,0.00506349961186723,even,-0.5159877182027522,0.8759268660862634,0.01819477386905188,2500,1250,no
92,50,50,0.4054651081081644,0.02,0.01001610066179986,0.0015502302287268,-7.086203321704589e-4,0.01001610066179986,0.00998090183585973,even,-0.5195744631809277,0.8792860728076928,0.02431280478011602,2500,1250,no
93,50,50,0.4054651081081644,0.05,0.0256279546113436,0.00416527680807883,-0.00185415591706065,0.0256279546113436,0.02563312897917953,even,-0.5306746857734366,0.8896821348969451,0.04324235782539755,2500,1250,no
94,50,100,0.4054651081081644,0.01,0.00505726896434369,8.008906316459745e-4,-3.543616204591332e-4,0.00505726896434369,0.00506349961186723,even,-0.5159877182027522,0.8759268660862634,0.01819477386905188,5000,2500,no
95,50,100,0.4054651081081644,0.02,0.01001610066179986,0.0015502302287268,-7.086203321704589e-4,0.01001610066179986,0.00998090183585973,even,-0.5195744631809277,0.8792860728076928,0.02431280478011602,5000,2500,no
96,50,100,0.4054651081081644,0.05,0.0256279546113436,0.00416527680807883,-0.00185415591706065,0.0256279546113436,0.02563312897917953,even,-0.5306746857734366,0.8896821348969451,0.04324235782539755,5000,2500,no
97,50,10,0.4054651081081644,0.01,0.00502474510252918,0.00206801475370146,-0.00261370045053815,0.00502474510252918,0.00504726278088214,high01low2,-0.00100046410680799,2.427333855158212,0.01704625125222346,500,250,yes
98,50,10,0.6931471805599453,0.01,0.00508582269028084,0.00216101341133332,-0.00267103299716369,0.00508582269028084,0.0051629261466464,high01low2,0.13885882507419414,2.602237132346388,0.03807513131300105,500,250,yes
99,50,10,0.4054651081081644,0.02,0.01008923032651422,0.0041820149515966,-0.00526493732032021,0.01008923032651422,0.01019573065276206,high01low2,-0.00201642117527899,2.438489768973289,0.0238223234442448,500,250,yes
100,50,10,0.6931471805599453,0.02,0.01017268278404626,0.00427656610313363,-0.00528823144606432,0.01017268278404626,0.01046507239500912,high01low2,0.13786344978163112,2.6132393309594564,0.04393184160935452,500,250,yes
101,50,10,0.4054651081081644,0.05,0.02522682752430476,0.01062768043584715,-0.01337997878193854,0.02522682752430476,0.02470305722772609,high01low2,-0.00516052008161846,2.473013805577957,0.04203144704769656,500,250,yes
102,50,10,0.6931471805599453,0.05,0.02546857076129844,0.0109229307779914,-0.01339738788443477,0.02546857076129844,0.02560825162967206,high01low2,0.13478203235754763,2.6472980195170672,0.06099781960020255,500,250,yes
103,100,10,0.4054651081081644,0.01,0.00502474510252918,0.00206801475370146,-0.00261370045053815,0.00502474510252918,0.00504726278088214,high01low2,-0.00100046410680799,2.427333855158212,0.01704625125222346,1000,500,yes
104,100,10,0.4054651081081644,0.02,0.01008923032651422,0.0041820149515966,-0.00526493732032021,0.01008923032651422,0.01019573065276206,high01low2,-0.00201642117527899,2.438489768973289,0.0238223234442448,1000,500,yes
105,100,10,0.4054651081081644,0.05,0.02522682752430476,0.01062768043584715,-0.01337997878193854,0.02522682752430476,0.02470305722772609,high01low2,-0.00516052008161846,2.473013805577957,0.04203144704769656,1000,500,yes
106,50,20,0.4054651081081644,0.01,0.00502474510252918,0.00206801475370146,-0.00261370045053815,0.00502474510252918,0.00504726278088214,high01low2,-0.00100046410680799,2.427333855158212,0.01704625125222346,1000,500,yes
107,50,20,0.6931471805599453,0.01,0.00508582269028084,0.00216101341133332,-0.00267103299716369,0.00508582269028084,0.0051629261466464,high01low2,0.13885882507419414,2.602237132346388,0.03807513131300105,1000,500,yes
108,50,20,0.4054651081081644,0.02,0.01008923032651422,0.0041820149515966,-0.00526493732032021,0.01008923032651422,0.01019573065276206,high01low2,-0.00201642117527899,2.438489768973289,0.0238223234442448,1000,500,yes
109,50,20,0.6931471805599453,0.02,0.01017268278404626,0.00427656610313363,-0.00528823144606432,0.01017268278404626,0.01046507239500912,high01low2,0.13786344978163112,2.6132393309594564,0.04393184160935452,1000,500,yes
110,50,20,0.4054651081081644,0.05,0.02522682752430476,0.01062768043584715,-0.01337997878193854,0.02522682752430476,0.02470305722772609,high01low2,-0.00516052008161846,2.473013805577957,0.04203144704769656,1000,500,yes
111,50,20,0.6931471805599453,0.05,0.02546857076129844,0.0109229307779914,-0.01339738788443477,0.02546857076129844,0.02560825162967206,high01low2,0.13478203235754763,2.6472980195170672,0.06099781960020255,1000,500,yes
112,100,20,0.4054651081081644,0.01,0.00502474510252918,0.00206801475370146,-0.00261370045053815,0.00502474510252918,0.00504726278088214,high01low2,-0.00100046410680799,2.427333855158212,0.01704625125222346,2000,1000,yes
113,100,20,0.4054651081081644,0.02,0.01008923032651422,0.0041820149515966,-0.00526493732032021,0.01008923032651422,0.01019573065276206,high01low2,-0.00201642117527899,2.438489768973289,0.0238223234442448,2000,1000,yes
114,100,20,0.4054651081081644,0.05,0.02522682752430476,0.01062768043584715,-0.01337997878193854,0.02522682752430476,0.02470305722772609,high01low2,-0.00516052008161846,2.473013805577957,0.04203144704769656,2000,1000,yes
115,50,50,0.4054651081081644,0.01,0.00502474510252918,0.00206801475370146,-0.00261370045053815,0.00502474510252918,0.00504726278088214,high01low2,-0.00100046410680799,2.427333855158212,0.01704625125222346,2500,1250,no
116,50,50,0.4054651081081644,0.02,0.01008923032651422,0.0041820149515966,-0.00526493732032021,0.01008923032651422,0.01019573065276206,high01low2,-0.00201642117527899,2.438489768973289,0.0238223234442448,2500,1250,no
117,50,50,0.4054651081081644,0.05,0.02522682752430476,0.01062768043584715,-0.01337997878193854,0.02522682752430476,0.02470305722772609,high01low2,-0.00516052008161846,2.473013805577957,0.04203144704769656,2500,1250,no
118,50,100,0.4054651081081644,0.01,0.00502474510252918,0.00206801475370146,-0.00261370045053815,0.00502474510252918,0.00504726278088214,high01low2,-0.00100046410680799,2.427333855158212,0.01704625125222346,5000,2500,no
119,50,100,0.4054651081081644,0.02,0.01008923032651422,0.0041820149515966,-0.00526493732032021,0.01008923032651422,0.01019573065276206,high01low2,-0.00201642117527899,2.438489768973289,0.0238223234442448,5000,2500,no
120,50,100,0.4054651081081644,0.05,0.02522682752430476,0.01062768043584715,-0.01337997878193854,0.02522682752430476,0.02470305722772609,high01low2,-0.00516052008161846,2.473013805577957,0.04203144704769656,5000,2500,no
121,50,10,0.4054651081081644,0.01,0.00508371704778939,8.826749215227212e-4,-0.00173924843800858,0.00508371704778939,0.0052789133308041,rare,1.608276141789996,2.427333997914866,0.01159767624879359,500,250,yes
122,50,10,0.6931471805599453,0.01,0.00481042870703862,9.232291251322792e-4,-0.00176322126783375,0.00481042870703862,0.00478911770083141,rare,1.7756718281037704,2.60223755094944,0.02354966859122223,500,250,yes
123,50,10,0.4054651081081644,0.02,0.00987392432095258,0.00188097720779652,-0.00366566301972835,0.00987392432095258,0.00967524718107283,rare,1.615304596736779,2.438490148376623,0.01581039795142795,500,250,yes
124,50,10,0.6931471805599453,0.02,0.01018304690860213,0.00186541251377956,-0.00359176304786097,0.01018304690860213,0.01043385994020345,rare,1.782581379230855,2.613240272763193,0.02914346428498794,500,250,yes
125,50,10,0.4054651081081644,0.05,0.02487256836769159,0.00473798723333289,-0.00916287818264555,0.02487256836769159,0.02453248263003491,rare,1.6370556994825434,2.4730142342229033,0.03232473792927812,500,250,yes
126,50,10,0.6931471805599453,0.05,0.02527241617407646,0.00481486153952798,-0.00926440701611223,0.02527241617407646,0.02512976106419199,rare,1.803972065020439,2.6472989537696536,0.04459610508656345,500,250,yes
127,100,10,0.4054651081081644,0.01,0.00508371704778939,8.826749215227212e-4,-0.00173924843800858,0.00508371704778939,0.0052789133308041,rare,1.608276141789996,2.427333997914866,0.01159767624879359,1000,500,yes
128,100,10,0.4054651081081644,0.02,0.00987392432095258,0.00188097720779652,-0.00366566301972835,0.00987392432095258,0.00967524718107283,rare,1.615304596736779,2.438490148376623,0.01581039795142795,1000,500,yes
129,100,10,0.4054651081081644,0.05,0.02487256836769159,0.00473798723333289,-0.00916287818264555,0.02487256836769159,0.02453248263003491,rare,1.6370556994825434,2.4730142342229033,0.03232473792927812,1000,500,yes
130,50,20,0.4054651081081644,0.01,0.00508371704778939,8.826749215227212e-4,-0.00173924843800858,0.00508371704778939,0.0052789133308041,rare,1.608276141789996,2.427333997914866,0.01159767624879359,1000,500,yes
131,50,20,0.6931471805599453,0.01,0.00481042870703862,9.232291251322792e-4,-0.00176322126783375,0.00481042870703862,0.00478911770083141,rare,1.7756718281037704,2.60223755094944,0.02354966859122223,1000,500,yes
132,50,20,0.4054651081081644,0.02,0.00987392432095258,0.00188097720779652,-0.00366566301972835,0.00987392432095258,0.00967524718107283,rare,1.615304596736779,2.438490148376623,0.01581039795142795,1000,500,yes
133,50,20,0.6931471805599453,0.02,0.01018304690860213,0.00186541251377956,-0.00359176304786097,0.01018304690860213,0.01043385994020345,rare,1.782581379230855,2.613240272763193,0.02914346428498794,1000,500,yes
134,50,20,0.4054651081081644,0.05,0.02487256836769159,0.00473798723333289,-0.00916287818264555,0.02487256836769159,0.02453248263003491,rare,1.6370556994825434,2.4730142342229033,0.03232473792927812,1000,500,yes
135,50,20,0.6931471805599453,0.05,0.02527241617407646,0.00481486153952798,-0.00926440701611223,0.02527241617407646,0.02512976106419199,rare,1.803972065020439,2.6472989537696536,0.04459610508656345,1000,500,yes
136,100,20,0.4054651081081644,0.01,0.00508371704778939,8.826749215227212e-4,-0.00173924843800858,0.00508371704778939,0.0052789133308041,rare,1.608276141789996,2.427333997914866,0.01159767624879359,2000,1000,yes
137,100,20,0.4054651081081644,0.02,0.00987392432095258,0.00188097720779652,-0.00366566301972835,0.00987392432095258,0.00967524718107283,rare,1.615304596736779,2.438490148376623,0.01581039795142795,2000,1000,yes
138,100,20,0.4054651081081644,0.05,0.02487256836769159,0.00473798723333289,-0.00916287818264555,0.02487256836769159,0.02453248263003491,rare,1.6370556994825434,2.4730142342229033,0.03232473792927812,2000,1000,yes
139,50,50,0.4054651081081644,0.01,0.00508371704778939,8.826749215227212e-4,-0.00173924843800858,0.00508371704778939,0.0052789133308041,rare,1.608276141789996,2.427333997914866,0.01159767624879359,2500,1250,no
140,50,50,0.4054651081081644,0.02,0.00987392432095258,0.00188097720779652,-0.00366566301972835,0.00987392432095258,0.00967524718107283,rare,1.615304596736779,2.438490148376623,0.01581039795142795,2500,1250,no
141,50,50,0.4054651081081644,0.05,0.02487256836769159,0.00473798723333289,-0.00916287818264555,0.02487256836769159,0.02453248263003491,rare,1.6370556994825434,2.4730142342229033,0.03232473792927812,2500,1250,no
142,50,100,0.4054651081081644,0.01,0.00508371704778939,8.826749215227212e-4,-0.00173924843800858,0.00508371704778939,0.0052789133308041,rare,1.608276141789996,2.427333997914866,0.01159767624879359,5000,2500,no
143,50,100,0.4054651081081644,0.02,0.00987392432095258,0.00188097720779652,-0.00366566301972835,0.00987392432095258,0.00967524718107283,rare,1.615304596736779,2.438490148376623,0.01581039795142795,5000,2500,no
144,50,100,0.4054651081081644,0.05,0.02487256836769159,0.00473798723333289,-0.00916287818264555,0.02487256836769159,0.02453248263003491,rare,1.6370556994825434,2.4730142342229033,0.03232473792927812,5000,2500,no
