scena,mean_est_rho11,mean_est_rho12,mean_est_rho22,mean_est_beta_treat,mean_var_beta_treat,mean_sandwich_var_beta_treat,n_success,n_tried,n_bad,fail_rate,count_iter,cluster_sizes,number_clusters,beta_X_list,latent_ICC,rho11,rho22,rho12,bin_rho0,bin_rho01,ordinal_dist_type,gamma0,gamma1,mean_rank_icc,N,m,small_cluster,WH_DE_latent_icc,WH_DE_rank_icc,WH_DE_rho11_icc,WH,GEE_bin1,GEE_bin2,GEE_exch,GEE_indep,Empirical,Empirical_noadj_model_based,Empirical_noadj_sandwich,Empirical_adj_model_based_K_2,Empirical_adj_sandwich_K_2,Empirical_adj_model_based_K_ncat,Empirical_adj_sandwich_K_ncat,marginal_lor_by_bridge,theta_R_bin,theta_R_bin2
1,6.034832894811357e-4,5.212790049427369e-4,-0.0017621022925292,-0.4034920423964907,0.02659047091899262,0.02663725593963931,10000,10001,1,9.999000099990002e-5,4.038196180381962,50,10,0.4054651081081644,0.01,0.0048815363639511,1.7552948250895657e-4,-3.332691810448015e-5,0.0048815363639511,0.00490668175856702,U-shape,-0.00100062420303745,0.4064656181389724,0.01639564298304893,500,250,yes,0.48726786446897535,0.4178357376910066,0.5612768416921632,0.6512938252616746,0.5180662048624398,0.5176691944481254,0.5493794259949718,0.6489237016754503,0.5238,0.6851,0.6854,0.525,0.5238,0.4636,0.4616,0.40343268875270105,0.403432688752697,0.4034326887526932
2,5.816833701654812e-4,5.30309135797854e-4,-0.00184555379809724,-0.6905115401336084,0.02706574066835134,0.02727506001822749,10000,10000,0,0,3.9903,50,10,0.6931471805599453,0.01,0.00499208974361935,2.2090683089850488e-4,-6.141969562276627e-5,0.00499208974361935,0.00499746398308053,U-shape,0.1388587612187981,0.5542884200469607,0.03692161024052715,500,250,yes,0.9092333254179732,0.6702098201551124,0.9501553476057174,0.9800750645390046,0.9231369848107808,0.9230853101504004,0.9408932770534864,0.9776963487933772,0.8949,0.9481,0.9476,0.8965,0.8949,0.8621,0.8609,0.6896727367230195,0.6896727367230129,0.6896727367230066
3,0.00470773018950301,5.560259444120588e-4,-0.00164518747419798,-0.39848933612084114,0.03223807068422121,0.03239986665709172,10000,10002,2,1.999600079984003e-4,4.152284771522848,50,10,0.4054651081081644,0.02,0.00996374812890549,3.9945942042116496e-4,-1.229363695538488e-4,0.00996374812890549,0.00996260330946638,U-shape,-0.00201654034472483,0.4074815455394853,0.02201825248151671,500,250,yes,0.3836574126417191,0.36845358314794663,0.4838321169622584,0.6468846794157403,0.4446000005602249,0.4446135614812449,0.46839783990400985,0.6445572642609789,0.4762,0.6412,0.6408,0.4793,0.4762,0.4145,0.4122,0.40138997846894753,0.401389978468931,0.40138997846891994
4,0.00507531700687331,4.676532743557691e-4,-0.00160484959776437,-0.6930811518968579,0.03313522433387324,0.033171253335850213,10000,10001,1,9.999000099990002e-5,4.0865,50,10,0.6931471805599453,0.02,0.01000141776203714,4.0469891169355246e-4,-7.965573052915489e-5,0.01000141776203714,0.01004392326424172,U-shape,0.13786350697833163,0.5552836732713435,0.04208197646537809,500,250,yes,0.8118653003253172,0.6283937635896585,0.9064628239296356,0.979073111411716,0.8686066030088913,0.8681478301398292,0.8890115203448951,0.9766379150406428,0.8449,0.916,0.9163,0.8458,0.8449,0.8091,0.8046,0.6861807004279831,0.6861807004279549,0.6861807004279358
5,0.01754678247450518,4.6034992794406103e-4,-0.0011956869980059,-0.4003784151175026,0.04958720385965304,0.04968905882223394,10000,10001,1,9.999000099990002e-5,4.2085,50,10,0.4054651081081644,0.05,0.02511275096637279,9.995249076918955e-4,-2.5967119393736e-4,0.02511275096637279,0.02515558256123299,U-shape,-0.00516061793847246,0.41062565613550583,0.03790449679799111,500,250,yes,0.23614575483428424,0.2755581089860426,0.3385925720313978,0.6334017435413849,0.3101179681529211,0.3098750801060648,0.3215169264919234,0.6312044419972184,0.3762,0.5324,0.5308,0.3775,0.3762,0.3208,0.3196,0.3951985022726012,0.3951985022726045,0.3951985022725998
6,0.0176614738844344,3.40633476353971e-4,-0.00103644570496266,-0.6886913815154935,0.05082968661150108,0.05091461563825886,10000,10002,2,1.999600079984003e-4,4.2268,50,10,0.6931471805599453,0.05,0.02546531292284136,0.00109880122741345,-3.32303476228942e-4,0.02546531292284136,0.02543717916546447,U-shape,0.13478203680535236,0.5583651511064808,0.05739049992218006,500,250,yes,0.5643060206406019,0.5233638840951285,0.7481802701036743,0.9757720875872395,0.6949821765639803,0.6952475583240743,0.7139934178814837,0.973165310925274,0.7131,0.8232,0.8236,0.7148,0.7131,0.6614,0.6595,0.6755963019601953,0.6755963019602006,0.6755963019601912
7,0.00228161020071853,3.100814819650305e-4,-7.8847009404917e-4,-0.4062519624315488,0.01565960353306733,0.01575796380686885,10000,10000,0,0,3.9192,100,10,0.4054651081081644,0.01,0.0048815363639511,1.7552948250895657e-4,-3.332691810448015e-5,0.0048815363639511,0.00490668175856702,U-shape,-0.00100062420303745,0.4064656181389724,0.01639564298304893,1000,500,yes,0.6552078601115316,0.5378570816547158,0.7802028939178125,0.9138783024455028,0.7363401249292252,0.7356299167298965,0.7631494829897397,0.911918180973588,0.76,0.8652,0.8641,0.7611,0.76,0.7067,0.7048,0.40343268875270105,0.403432688752697,0.4034326887526932
8,0.00704077263847534,1.2867778054685515e-4,-5.915488915190483e-4,-0.4019867719393233,0.02159173932563329,0.02167393881321462,10000,10000,0,0,4.0174,100,10,0.4054651081081644,0.02,0.00996374812890549,3.9945942042116496e-4,-1.229363695538488e-4,0.00996374812890549,0.00996260330946638,U-shape,-0.00201654034472483,0.4074815455394853,0.02201825248151671,1000,500,yes,0.4833759181311397,0.4590096779993361,0.6515810964401899,0.9112021951770304,0.6059114154232673,0.6059358858781161,0.6270536907746802,0.9092329059570976,0.665,0.7919,0.7924,0.6684,0.665,0.6075,0.6067,0.40138997846894753,0.401389978468931,0.40138997846891994
9,0.02004943389290153,-7.741005545780185e-5,-8.197098512069185e-5,-0.4005163519147033,0.03875111861583304,0.03883474702327547,10000,10000,0,0,4.3398,100,10,0.4054651081081644,0.05,0.02511275096637279,9.995249076918955e-4,-2.5967119393736e-4,0.02511275096637279,0.02515558256123299,U-shape,-0.00516061793847246,0.41062565613550583,0.03790449679799111,1000,500,yes,0.2665320833292064,0.3211819707726826,0.4153678340331683,0.9027130555010154,0.3808077239447971,0.38042427965937586,0.3898410788286565,0.9007206791777128,0.4795,0.6343,0.6331,0.4837,0.4795,0.4226,0.4181,0.3951985022726012,0.3951985022726045,0.3951985022725998
10,0.00265550269664804,2.7311047137330537e-4,-8.740168746039784e-4,-0.4040752122460263,0.0159930836787653,0.01601809295144215,10000,10000,0,0,3.0264,50,20,0.4054651081081644,0.01,0.0048815363639511,1.7552948250895657e-4,-3.332691810448015e-5,0.0048815363639511,0.00490668175856702,U-shape,-0.00100062420303745,0.4064656181389724,0.01639564298304893,1000,500,yes,0.7783705697831056,0.6979413192920233,0.8484775491363749,0.9138783024455028,0.8094601375252042,0.8090769407766157,0.8382616502866789,0.911918180973588,0.8164,0.864,0.8643,0.8165,0.8164,0.7986,0.7991,0.40343268875270105,0.403432688752697,0.4034326887526932
11,0.00256390392032428,3.0893697589747963e-4,-8.651923478288962e-4,-0.6933274366288652,0.01623255340049339,0.01625799042840342,10000,10000,0,0,3.0196,50,20,0.6931471805599453,0.01,0.00499208974361935,2.2090683089850488e-4,-6.141969562276627e-5,0.00499208974361935,0.00499746398308053,U-shape,0.1388587612187981,0.5542884200469607,0.03692161024052715,1000,500,yes,0.996546569237998,0.9243271379117156,0.999155695469637,0.9999020135869774,0.9976668442565256,0.99766314833476,0.9987415110283796,0.9998699292935228,0.9884,0.9918,0.9923,0.9878,0.9884,0.9866,0.987,0.6896727367230195,0.6896727367230129,0.6896727367230066
12,0.00722977669054769,2.085383085024967e-4,-7.269579798817382e-4,-0.40472189895501104,0.01936356606510988,0.01939589110536732,10000,10000,0,0,3.0481,50,20,0.4054651081081644,0.02,0.00996374812890549,3.9945942042116496e-4,-1.229363695538488e-4,0.00996374812890549,0.00996260330946638,U-shape,-0.00201654034472483,0.4074815455394853,0.02201825248151671,1000,500,yes,0.6529855201531567,0.6318420322026755,0.774729772938735,0.9112021951770304,0.7306632957581446,0.7306793255829537,0.7579425069180377,0.9092329059570976,0.7544,0.8115,0.8122,0.7544,0.7544,0.7363,0.7357,0.40138997846894753,0.401389978468931,0.40138997846891994
13,0.00706945964189748,1.372132595305936e-4,-6.673269746680352e-4,-0.6883523888154426,0.01962224908245786,0.01964451286026685,10000,10000,0,0,3.064,50,20,0.6931471805599453,0.02,0.01000141776203714,4.0469891169355246e-4,-7.965573052915489e-5,0.01000141776203714,0.01004392326424172,U-shape,0.13786350697833163,0.5552836732713435,0.04208197646537809,1000,500,yes,0.9804497184620844,0.8988707037108868,0.996292328879033,0.9998902172437888,0.9917016071252892,0.991632523543739,0.99444160180739,0.999855194809158,0.9705,0.9802,0.9809,0.9697,0.9705,0.9667,0.9678,0.6861807004279831,0.6861807004279549,0.6861807004279358
14,0.02145976295276769,4.467697211794584e-5,1.2252066935659988e-5,-0.39661342515331033,0.03000306028296148,0.03006486649347875,10000,10000,0,0,3.212,50,20,0.4054651081081644,0.05,0.02511275096637279,9.995249076918955e-4,-2.5967119393736e-4,0.02511275096637279,0.02515558256123299,U-shape,-0.00516061793847246,0.41062565613550583,0.03790449679799111,1000,500,yes,0.41893050008177973,0.4875739443834099,0.5882696898969304,0.9027130555010154,0.5442228432088252,0.5438367813374958,0.562145314527063,0.9007206791777128,0.58,0.6572,0.6579,0.5805,0.58,0.5579,0.5574,0.3951985022726012,0.3951985022726045,0.3951985022725998
15,0.02128664748428831,1.891489721199447e-5,-2.8232320996069847e-5,-0.681639645367005,0.03037992884317542,0.03033055292480925,10000,10000,0,0,3.2336,50,20,0.6931471805599453,0.05,0.02546531292284136,0.00109880122741345,-3.32303476228942e-4,0.02546531292284136,0.02543717916546447,U-shape,0.13478203680535236,0.5583651511064808,0.05739049992218006,1000,500,yes,0.8510155345197232,0.8145299710042724,0.9605950430675791,0.9998457984410124,0.9373774095942654,0.9375092959879324,0.9464101746037108,0.9998003623735896,0.9099,0.9347,0.936,0.9078,0.9099,0.8983,0.9006,0.6755963019601953,0.6755963019602006,0.6755963019601912
16,0.00348416528610724,4.210642592271379e-5,-2.551561944583606e-4,-0.4044500018380859,0.00946398738144887,0.00948208760845246,10000,10000,0,0,2.9523,100,20,0.4054651081081644,0.01,0.0048815363639511,1.7552948250895657e-4,-3.332691810448015e-5,0.0048815363639511,0.00490668175856702,U-shape,-0.00100062420303745,0.4064656181389724,0.01639564298304893,2000,1000,yes,0.915698704131499,0.8279883256470628,0.971600805916335,0.9969711213293808,0.9559747234757672,0.9556878579023312,0.966005943695618,0.9967829444371312,0.9392,0.9548,0.9548,0.9386,0.9392,0.9332,0.9339,0.40343268875270105,0.403432688752697,0.4034326887526932
17,0.00825264716797419,1.1418646011959329e-4,-1.8684473926502913e-4,-0.4003898240951787,0.01293952500994872,0.01296843598553778,10000,10000,0,0,3.0269,100,20,0.4054651081081644,0.02,0.00996374812890549,3.9945942042116496e-4,-1.229363695538488e-4,0.00996374812890549,0.00996260330946638,U-shape,-0.00201654034472483,0.4074815455394853,0.02201825248151671,2000,1000,yes,0.7742437228275768,0.7473839708286966,0.913528932578272,0.9967439663290322,0.8833325765117023,0.8833502114269104,0.8979814944188307,0.9965465315423672,0.8696,0.8997,0.9008,0.8678,0.8696,0.8582,0.8588,0.40138997846894753,0.401389978468931,0.40138997846891994
18,0.02215564022719223,-8.232461628695312e-5,4.482233441638927e-4,-0.39944798830434425,0.02312733249194639,0.02316749134276366,10000,10000,0,0,3.2576,100,20,0.4054651081081644,0.05,0.02511275096637279,9.995249076918955e-4,-2.5967119393736e-4,0.02511275096637279,0.02515558256123299,U-shape,-0.00516061793847246,0.41062565613550583,0.03790449679799111,2000,1000,yes,0.4722219301638677,0.5616241541392208,0.6948145175285015,0.9959588967154368,0.6490762368352344,0.6485483256454551,0.6613832031987295,0.9957314353151926,0.6882,0.7458,0.7475,0.6884,0.6882,0.6706,0.6718,0.3951985022726012,0.3951985022726045,0.3951985022725998
19,0.00415634213581065,6.844031713616255e-5,-2.2123220939963245e-4,-0.40457909906353184,0.00710966279486757,0.00710920460316717,10000,10000,0,0,2.4117,50,50,0.4054651081081644,0.01,0.0048815363639511,1.7552948250895657e-4,-3.332691810448015e-5,0.0048815363639511,0.00490668175856702,U-shape,-0.00100062420303745,0.4064656181389724,0.01639564298304893,2500,1250,no,0.9906453515841998,0.974932698636382,0.9971753086355132,0.999517380292163,0.9941976838535496,0.994160815656791,0.9965343858141348,0.9994768239162608,0.9932,0.9932,0.9932,0.9916,0.9917,0.9911,0.9913,0.40343268875270105,0.403432688752697,0.4034326887526932
20,0.00903821054299834,-7.112696732183117e-6,-8.217828016132355e-6,-0.40221135532324,0.00861104046610775,0.00860874173477319,10000,10000,0,0,2.4605,50,50,0.4054651081081644,0.02,0.00996374812890549,3.9945942042116496e-4,-1.229363695538488e-4,0.00996374812890549,0.00996260330946638,U-shape,-0.00201654034472483,0.4074815455394853,0.02201825248151671,2500,1250,no,0.9608825521741732,0.952682354414252,0.9901497347853572,0.9994695018162634,0.9826193189930168,0.9826226162893336,0.9876266259266876,0.9994259821056166,0.9764,0.9763,0.9764,0.9715,0.9716,0.9705,0.9709,0.40138997846894753,0.401389978468931,0.40138997846891994
21,0.02360310126181892,-2.3312555953261703e-4,6.637147624513886e-4,-0.3986418131034767,0.01313571320567594,0.01312740757024574,10000,10000,0,0,2.5824,50,50,0.4054651081081644,0.05,0.02511275096637279,9.995249076918955e-4,-2.5967119393736e-4,0.02511275096637279,0.02515558256123299,U-shape,-0.00516061793847246,0.41062565613550583,0.03790449679799111,2500,1250,no,0.7925961331992283,0.8620893900673982,0.9321186056895362,0.9992962298126066,0.9056847544530756,0.9054256764618012,0.917175099713008,0.9992425974384408,0.9136,0.9133,0.9136,0.8995,0.9,0.897,0.8971,0.3951985022726012,0.3951985022726045,0.3951985022725998
22,0.00457452028918289,1.4164706445326898e-5,6.01910244172727e-7,-0.4031212093397367,0.00365946096224098,0.00365894906817077,10000,10000,0,0,2.1582,50,100,0.4054651081081644,0.01,0.0048815363639511,1.7552948250895657e-4,-3.332691810448015e-5,0.0048815363639511,0.00490668175856702,U-shape,-0.00100062420303745,0.4064656181389724,0.01639564298304893,5000,2500,no,0.9999824097167452,0.9998295291839066,0.9999988529991224,0.9999999788412528,0.9999940997068985,0.999994013797816,0.999998175242495,0.9999999744288934,1,1,1,1,1,1,1,0.40343268875270105,0.403432688752697,0.4034326887526932
23,0.00933120831098686,-3.5990076323778955e-5,1.8564531509593425e-4,-0.4011737971703453,0.00440681326614419,0.00440560505478187,10000,10000,0,0,2.1724,50,100,0.4054651081081644,0.02,0.00996374812890549,3.9945942042116496e-4,-1.229363695538488e-4,0.00996374812890549,0.00996260330946638,U-shape,-0.00201654034472483,0.4074815455394853,0.02201825248151671,5000,2500,no,0.9995205279858566,0.9992523993112956,0.999980199389366,0.9999999738372356,0.9999268975883454,0.9999269295809196,0.999966574601121,0.9999999685120295,0.9998,0.9998,0.9998,0.9997,0.9997,0.9997,0.9997,0.40138997846894753,0.401389978468931,0.40138997846891994
24,0.02436005794536467,-2.3400988409563207e-4,8.014489091385658e-4,-0.3957013529905401,0.00676798355089746,0.00676482974145469,10000,10000,0,0,2.2904,50,100,0.4054651081081644,0.05,0.02511275096637279,9.995249076918955e-4,-2.5967119393736e-4,0.02511275096637279,0.02515558256123299,U-shape,-0.00516061793847246,0.41062565613550583,0.03790449679799111,5000,2500,no,0.9752975980918952,0.9906884205287624,0.9982582879396532,0.999999950629748,0.9962190239032466,0.9961944288095292,0.99721771363931,0.9999999412978996,0.9945,0.9945,0.9945,0.9939,0.9939,0.9938,0.9938,0.3951985022726012,0.3951985022726045,0.3951985022725998
25,1.5835070118292764e-4,3.942901030333317e-4,-1.0233492974465976e-4,-0.3983949878561097,0.04287969067799738,0.04398944015927567,10000,10190,190,0.01864573110893032,13.010703063629222,50,10,0.4054651081081644,0.01,0.00523000852019537,0.00295648778159823,-0.00205205060624172,0.00523000852019537,0.00491718431296257,bell,-2.021868429271497,2.427333136978035,0.01260247521888875,500,250,yes,0.3182165098063118,0.2971823655050756,0.3668392838104259,0.44111587800487095,0.2205144742469876,0.222692139519883,0.33864580704748426,0.43303613909366995,0.3499,0.5327,0.5293,0.3615,0.3499,0.3026,0.2887,0.40343268875270105,0.4034326887527091,0.40343268875264426
26,2.4852832028050195e-5,6.266793765079447e-4,4.034617290968793e-4,-0.6884023128216556,0.04573558409245101,0.0488696462293143,10000,10609,609,0.05740409086624564,31.124186090402944,50,10,0.6931471805599453,0.01,0.00516193896906859,0.00302430660231293,-0.00200522175118085,0.00516193896906859,0.0049516011079108,bell,-1.9090897753161955,2.602236955952833,0.02503081431855272,500,250,yes,0.719899988376209,0.5477345300036018,0.7917940117132024,0.8723078416623923,0.5076997723911834,0.5109666929084279,0.7225996759390256,0.8472321706356275,0.7118,0.8515,0.8511,0.719,0.7118,0.6616,0.646,0.6896727367230195,0.6896727367230344,0.6896727367229167
27,0.00307539202093843,-6.887391346843414e-4,0.00190446237911715,-0.40464206211391435,0.0496480140743549,0.05012563656173668,10000,10202,202,0.01980003920799843,13.700578828607869,50,10,0.4054651081081644,0.02,0.00994110398434295,0.00575645947818196,-0.00386386316559101,0.00994110398434295,0.00978046828205837,bell,-2.0330240633532446,2.4384893202160653,0.01933118140412299,500,250,yes,0.24942049229383567,0.25284696415345387,0.3160450146091195,0.4374985514216795,0.19159217064233833,0.19238158358763977,0.2810091345842324,0.4295662367103571,0.3384,0.5089,0.5042,0.3472,0.3384,0.2942,0.2775,0.40138997846894753,0.40138997846896274,0.4013899784687416
28,0.00256568304429523,-9.68821294224076e-5,0.00202961273918541,-0.6845043840416994,0.05290807287580496,0.05517338635605469,10000,10594,594,0.05606947328676609,34.15399149740198,50,10,0.6931471805599453,0.02,0.01002522917796857,0.00610217972861747,-0.00390786402792745,0.01002522917796857,0.01003712062809937,bell,-1.920092470247648,2.6132396587533884,0.03173287666178384,500,250,yes,0.5926818256813204,0.48876733437532793,0.7151937107449433,0.8690019342324661,0.4387555025803217,0.4386164582365818,0.6190698071405211,0.8439183281068575,0.6638,0.8139,0.812,0.6662,0.6638,0.6047,0.5936,0.6861807004279831,0.6861807004280105,0.6861807004276146
29,0.01157377471657393,-0.00346309862496098,0.0088674224638884,-0.4019144327563564,0.0703166688558852,0.06961926396626102,10000,10222,222,0.02171786343181373,17.824549373040753,50,10,0.4054651081081644,0.05,0.02517196808927447,0.01507740076161847,-0.00989034299234139,0.02517196808927447,0.02525763051744933,bell,-2.0675487904754006,2.4730135119479013,0.03952168639903645,500,250,yes,0.1580488276046322,0.17821806762688727,0.22065653866701124,0.4265672183439157,0.1388433403636616,0.13866184520475516,0.1865259418932363,0.4190742817748201,0.2684,0.4285,0.4228,0.2759,0.2684,0.226,0.2161,0.3951985022726012,0.395198502272641,0.3951985022725744
30,0.01094151464702611,-0.00288158043483434,0.00891171204405479,-0.6943570831003947,0.07644948222305452,0.07554265298198136,10000,10516,516,0.04906808672499049,35.21461926998952,50,10,0.6931471805599453,0.05,0.02557796204953965,0.01556801013523883,-0.01012442719958941,0.02557796204953965,0.02536813603390828,bell,-1.9541511847934945,2.647298388661804,0.04913864398317117,500,250,yes,0.37327778816620005,0.37711007979762434,0.5260447774272023,0.8586224697355792,0.3044387477831071,0.3056001179481693,0.4150531363810958,0.833560394207612,0.5659,0.7273,0.7298,0.57,0.5659,0.5037,0.499,0.6755963019601953,0.6755963019602664,0.6755963019601461
31,0.00140774247026819,-1.4206924674453787e-4,0.00115526858932362,-0.4063107353605277,0.02360031786773357,0.02415324553303295,10000,10093,93,0.0092143069454077,6.6505152596115735,100,10,0.4054651081081644,0.01,0.00523000852019537,0.00295648778159823,-0.00205205060624172,0.00523000852019537,0.00491718431296257,bell,-2.021868429271497,2.427333136978035,0.01260247521888875,1000,500,yes,0.4443452791009048,0.40228086636783966,0.5493523395183061,0.7273775672554591,0.33377636742174,0.3395646350098237,0.4932715817045821,0.71679177775062,0.5762,0.7377,0.7351,0.5801,0.5762,0.5173,0.5094,0.40343268875270105,0.4034326887527091,0.40343268875264426
32,0.0045094176755224,-0.00133322571651575,0.00321757962358264,-0.406447198143123,0.02938908156368401,0.02930929175392095,10000,10088,88,0.00872323552735923,7.236933452345532,100,10,0.4054651081081644,0.02,0.00994110398434295,0.00575645947818196,-0.00386386316559101,0.00994110398434295,0.00978046828205837,bell,-2.0330240633532446,2.4384893202160653,0.01933118140412299,1000,500,yes,0.3155346675984748,0.3215016182814343,0.44175633155913296,0.7230460267187447,0.26500420920433576,0.2667661043242628,0.3762348929252872,0.7125504492820561,0.5169,0.6828,0.6831,0.5222,0.5169,0.4568,0.453,0.40138997846894753,0.40138997846896274,0.4013899784687416
33,0.01339499268006852,-0.00446074443074409,0.01022819469935974,-0.4030902165663049,0.04832387528391556,0.04677871608307062,10000,10163,163,0.01603857128800551,16.63152709359606,100,10,0.4054651081081644,0.05,0.02517196808927447,0.01507740076161847,-0.00989034299234139,0.02517196808927447,0.02525763051744933,bell,-2.0675487904754006,2.4730135119479013,0.03952168639903645,1000,500,yes,0.1764696278833438,0.20461377449768495,0.26957761313760836,0.7097145784410743,0.1657788870023603,0.16548062864433266,0.2177743356172685,0.6995035523448999,0.3917,0.5509,0.5585,0.3899,0.3917,0.3323,0.3317,0.3951985022726012,0.395198502272641,0.3951985022725744
34,0.00227571581790634,-6.921727010428707e-4,0.00115552268525829,-0.40830192516522873,0.02598234902444423,0.02605745023156631,10000,10007,7,6.995103427600679e-4,3.929449385430199,50,20,0.4054651081081644,0.01,0.00523000852019537,0.00295648778159823,-0.00205205060624172,0.00523000852019537,0.00491718431296257,bell,-2.021868429271497,2.427333136978035,0.01260247521888875,1000,500,yes,0.556995640426245,0.5234221064219234,0.629555702580716,0.7273775672554591,0.3906033483905332,0.3945848704521236,0.5883497683362038,0.71679177775062,0.6343,0.7071,0.7095,0.6322,0.6343,0.611,0.6117,0.40343268875270105,0.4034326887527091,0.40343268875264426
35,0.00223051086019647,-6.063916865943776e-4,0.00132322734654369,-0.6959682423634648,0.02735136826054509,0.02782238762267074,10000,10038,38,0.00378561466427575,5.36425226661353,50,20,0.6931471805599453,0.01,0.00516193896906859,0.00302430660231293,-0.00200522175118085,0.00516193896906859,0.0049516011079108,bell,-1.9090897753161955,2.602236955952833,0.02503081431855272,1000,500,yes,0.949047328865866,0.836818003330209,0.9750675471302584,0.9923395082457226,0.7993047197747056,0.8025387881928263,0.9502263708873128,0.9881171427777417,0.9574,0.9695,0.9726,0.9545,0.9574,0.9489,0.9531,0.6896727367230195,0.6896727367230344,0.6896727367229167
36,0.00643468630739377,-0.0023280552448174,0.0041356587513944,-0.40751114229189034,0.03047387732899524,0.03025988892691426,10000,10005,5,4.997501249375312e-4,3.8571714142928535,50,20,0.4054651081081644,0.02,0.00994110398434295,0.00575645947818196,-0.00386386316559101,0.00994110398434295,0.00978046828205837,bell,-2.0330240633532446,2.4384893202160653,0.01933118140412299,1000,500,yes,0.4425096047930408,0.4485218036575655,0.5535898235308101,0.7230460267187447,0.33672681021252937,0.3382203415652808,0.4967355546442726,0.7125504492820561,0.5752,0.655,0.6586,0.5743,0.5752,0.5495,0.55,0.40138997846894753,0.40138997846896274,0.4013899784687416
37,0.00585173192716566,-0.00192716422271868,0.00384150395795822,-0.6954498827963879,0.03230858230432108,0.03189425847565393,10000,10043,43,0.00428158916658369,5.807826346709151,50,20,0.6931471805599453,0.02,0.01002522917796857,0.00610217972861747,-0.00390786402792745,0.01002522917796857,0.01003712062809937,bell,-1.920092470247648,2.6132396587533884,0.03173287666178384,1000,500,yes,0.8735647100420946,0.7799486019518292,0.9469525022213928,0.9918582925551312,0.7237030395019757,0.7235361930893314,0.8925871971516159,0.987492776328447,0.9316,0.9488,0.9549,0.923,0.9316,0.914,0.9236,0.6861807004279831,0.6861807004280105,0.6861807004276146
38,0.01848446773684853,-0.00692482452328235,0.01209313875967639,-0.4029435726612957,0.04492216594385022,0.04327150874687589,10000,10026,26,0.0025932575304209,6.164588528678304,50,20,0.4054651081081644,0.05,0.02517196808927447,0.01507740076161847,-0.00989034299234139,0.02517196808927447,0.02525763051744933,bell,-2.0675487904754006,2.4730135119479013,0.03952168639903645,1000,500,yes,0.27228438764359847,0.311249438291757,0.39086342959750975,0.7097145784410743,0.234739027269738,0.23438285501840697,0.3271137068613145,0.6995035523448999,0.4554,0.5251,0.5356,0.4445,0.4554,0.4208,0.4329,0.3951985022726012,0.395198502272641,0.3951985022725744
39,0.01736447835709685,-0.00629175069057509,0.01166165976840327,-0.6876865299141591,0.04837516909426884,0.04531976643248051,10000,10050,50,0.00497512437810945,8.208457711442787,50,20,0.6931471805599453,0.05,0.02557796204953965,0.01556801013523883,-0.01012442719958941,0.02557796204953965,0.02536813603390828,bell,-1.9541511847934945,2.647298388661804,0.04913864398317117,1000,500,yes,0.6386272397184797,0.643966770433662,0.8170647772114589,0.9902337478127412,0.5351506546774374,0.5370135496627677,0.694414466687823,0.9854182793869048,0.8279,0.8597,0.874,0.8096,0.8279,0.7911,0.8117,0.6755963019601953,0.6755963019602664,0.6755963019601461
40,0.00332700920903422,-0.00121948524943732,0.00218203546898209,-0.4080321491685512,0.01454453882383929,0.01449311124482498,10000,10000,0,0,3.2173,100,20,0.4054651081081644,0.01,0.00523000852019537,0.00295648778159823,-0.00205205060624172,0.00523000852019537,0.00491718431296257,bell,-2.021868429271497,2.427333136978035,0.01260247521888875,2000,1000,yes,0.7303620965292912,0.6779233813791392,0.8382379394399895,0.9524527445092948,0.5809896913250854,0.5897305653754162,0.7846489889649472,0.947669462174773,0.8528,0.8915,0.8942,0.8489,0.8528,0.8358,0.8386,0.40343268875270105,0.4034326887527091,0.40343268875264426
41,0.00760856497677907,-0.00290602600372945,0.00491877892625459,-0.4049359415581811,0.0186188048917346,0.01809366530934174,10000,10002,2,1.999600079984003e-4,3.620475904819036,100,20,0.4054651081081644,0.02,0.00994110398434295,0.00575645947818196,-0.00386386316559101,0.00994110398434295,0.00978046828205837,bell,-2.0330240633532446,2.4384893202160653,0.01933118140412299,2000,1000,yes,0.5527873602740984,0.5621215036257664,0.7272896415559521,0.9506042138172408,0.4696010386009577,0.4726228024496658,0.6427513187177052,0.9457538442849984,0.78,0.8277,0.8329,0.7727,0.78,0.7578,0.7629,0.40138997846894753,0.40138997846896274,0.4013899784687416
42,0.01895654318620378,-0.00705145333320095,0.01273082757182085,-0.4019267343256599,0.03182262582824939,0.0299598657229783,10000,10013,13,0.0012983121941476,5.244981524018775,100,20,0.4054651081081644,0.05,0.02517196808927447,0.01507740076161847,-0.00989034299234139,0.02517196808927447,0.02525763051744933,bell,-2.0675487904754006,2.4730135119479013,0.03952168639903645,2000,1000,yes,0.3078957223969723,0.3612043880464408,0.47742710175624287,0.9446488724836302,0.28728604523554335,0.28670866822025487,0.3855777333546974,0.9396017990496074,0.6066,0.6663,0.6846,0.5875,0.6066,0.565,0.5821,0.3951985022726012,0.395198502272641,0.3951985022725744
43,0.00384974665857553,-0.00141367122934249,0.00229343070788967,-0.4061508548626677,0.01178391694030136,0.01171583294749073,10000,10000,0,0,2.6321,50,50,0.4054651081081644,0.01,0.00523000852019537,0.00295648778159823,-0.00205205060624172,0.00523000852019537,0.00491718431296257,bell,-2.021868429271497,2.427333136978035,0.01260247521888875,2500,1250,no,0.9139799014268128,0.8910056668140202,0.9517292925204128,0.9820419365002928,0.7579910229187594,0.7630760070645921,0.9321612608537776,0.9795990169184048,0.9535,0.9525,0.9535,0.9444,0.9457,0.9426,0.9437,0.40343268875270105,0.4034326887527091,0.40343268875264426
44,0.00843824425888806,-0.00316422473186551,0.00516511538005445,-0.40485914127706807,0.01414002577878563,0.01390399250950887,10000,10000,0,0,2.7969,50,50,0.4054651081081644,0.02,0.00994110398434295,0.00575645947818196,-0.00386386316559101,0.00994110398434295,0.00978046828205837,bell,-2.0330240633532446,2.4384893202160653,0.01933118140412299,2500,1250,no,0.8186845820207375,0.8249555137943599,0.911820021349624,0.9811144389296352,0.6817860011861727,0.6840884381571144,0.8699326823597766,0.9786070763638204,0.9151,0.9126,0.9151,0.899,0.9014,0.8953,0.8968,0.40138997846894753,0.40138997846896274,0.4013899784687416
45,0.02230532192162552,-0.00873208065133749,0.01419002536627074,-0.401358063201953,0.02152727841699304,0.02083342108951673,10000,10000,0,0,3.1797,50,50,0.4054651081081644,0.05,0.02517196808927447,0.01507740076161847,-0.00989034299234139,0.02517196808927447,0.02525763051744933,bell,-2.0675487904754006,2.4730135119479013,0.03952168639903645,2500,1250,no,0.571804310092336,0.6407999076776064,0.7583254247978289,0.978050493047902,0.4981362739652631,0.497404430986731,0.6667016720507707,0.9753451743091238,0.7914,0.7868,0.7914,0.764,0.7712,0.7569,0.7647,0.3951985022726012,0.395198502272641,0.3951985022725744
46,0.00462750150802758,-0.00185084800818121,0.00271180496119716,-0.4042932718257374,0.0062095100771483,0.00615568220812854,10000,10000,0,0,2.3415,50,100,0.4054651081081644,0.01,0.00523000852019537,0.00295648778159823,-0.00205205060624172,0.00523000852019537,0.00491718431296257,bell,-2.021868429271497,2.427333136978035,0.01260247521888875,5000,2500,no,0.9969578503825848,0.9946754125542738,0.9992167260168218,0.9999215339766512,0.9641948659915014,0.9659805386091171,0.9982608591088028,0.9998941667479712,0.997,0.997,0.997,0.9969,0.997,0.9969,0.997,0.40343268875270105,0.4034326887527091,0.40343268875264426
47,0.00909340324969779,-0.00346679221447797,0.0055350275423716,-0.40350523492576074,0.00755624194677685,0.00743773612011159,10000,10000,0,0,2.5118,50,100,0.4054651081081644,0.02,0.00994110398434295,0.00575645947818196,-0.00386386316559101,0.00994110398434295,0.00978046828205837,bell,-2.0330240633532446,2.4384893202160653,0.01933118140412299,5000,2500,no,0.9821044195993558,0.9835502851982514,0.9967744744804056,0.999911855038056,0.9306088515450822,0.9318197002791018,0.9918994026295768,0.999881887703235,0.991,0.991,0.991,0.9905,0.9907,0.9902,0.9903,0.40138997846894753,0.40138997846896274,0.4013899784687416
48,0.0236358801034336,-0.00936667161413906,0.0142476088982733,-0.39859731400341575,0.01173733932939432,0.01138167286653674,10000,10000,0,0,2.8702,50,100,0.4054651081081644,0.05,0.02517196808927447,0.01507740076161847,-0.00989034299234139,0.02517196808927447,0.02525763051744933,bell,-2.0675487904754006,2.4730135119479013,0.03952168639903645,5000,2500,no,0.8571886372062834,0.9068835980822004,0.9643139663321438,0.9998752068887402,0.7896585076668783,0.7889093153694906,0.9223590919236524,0.9998359580524284,0.9469,0.9456,0.9469,0.942,0.9426,0.941,0.9419,0.3951985022726012,0.395198502272641,0.3951985022725744
49,3.1055088858737505e-4,5.661275868222278e-4,-0.00191368600561241,-0.4072714508433849,0.04235305898119866,0.04221602592091369,10000,10027,27,0.002692729629999,5.090218803077231,50,10,0.4054651081081644,0.01,0.00513845085351359,9.292716192353716e-4,0.00150169088580933,0.00513845085351359,0.00509082897481606,common,-2.0218688899017336,-1.2028110335878195,0.01291175527962738,500,250,yes,0.31821646095370004,0.29488750021423293,0.367931601541121,0.44111581218354456,0.2211463498490736,0.35834696271052,0.35870093114296553,0.4348162215714013,0.3805,0.5456,0.5454,0.3793,0.3805,0.3205,0.321,0.40343268875270105,0.4034326887527091,0.4034326887526287
50,3.348532626728871e-4,7.825681522046173e-4,-0.00200891634463846,-0.6958817353589568,0.04477552604973768,0.04470593701064086,10000,10044,44,0.00438072481083233,6.3138096188385555,50,10,0.6931471805599453,0.01,0.00503839344489988,9.3681459391213e-4,0.00144157599949555,0.00503839344489988,0.00496452367338316,common,-1.9090894474606124,-1.0825242355095177,0.02401909970344155,500,250,yes,0.7199000322230407,0.5570478611609594,0.7937164617773179,0.872307874809917,0.5096139278104026,0.7647778988423153,0.765712769101841,0.8523460149720588,0.7348,0.8641,0.8625,0.7343,0.7348,0.6721,0.6739,0.6896727367230195,0.6896727367230344,0.6896727367229596
51,0.00369216130011088,0.00177188446794987,-0.00115723422827443,-0.4047044204916906,0.04869441163093348,0.04882142952658461,10000,10038,38,0.00378561466427575,5.2926780541404455,50,10,0.4054651081081644,0.02,0.00974822969772573,0.00185348504075634,0.00296299014803118,0.00974822969772573,0.00986127447943029,common,-2.0330251341903427,-1.2098394065121356,0.01739181767323472,500,250,yes,0.24942043091471633,0.2634426669313994,0.3177291635471945,0.43749844440904406,0.19254090774817303,0.3080487548084315,0.3085837486926648,0.4313170032673544,0.3508,0.5131,0.5116,0.3515,0.3508,0.2947,0.2945,0.40138997846894753,0.4013899784689632,0.4013899784689496
52,0.003819857200192,0.00163694683380465,-0.00127448443219303,-0.6961663746783636,0.05074872880783084,0.05079273704869744,10000,10061,61,0.00606301560481065,6.023457776003195,50,10,0.6931471805599453,0.02,0.00994698245548732,0.0019221556339004,0.0030385619442695,0.00994698245548732,0.01007600897437107,common,-1.9200930639067004,-1.0894340887185665,0.02793907985829265,500,250,yes,0.5926817825125965,0.5184257373068616,0.7162979969377282,0.8690019010155052,0.4396724649128535,0.6826039629748868,0.6845371236116085,0.8490308571001943,0.7007,0.8315,0.8324,0.7001,0.7007,0.6374,0.6395,0.6861807004279831,0.6861807004280105,0.686180700427987
53,0.01414861644858679,0.00525620970682669,0.00122203976245825,-0.4056795264464767,0.06884267844520135,0.06876944389588323,10000,10059,59,0.00586539417437121,6.251147933719305,50,10,0.4054651081081644,0.05,0.02509332129102622,0.00471865750101695,0.00747158799847797,0.02509332129102622,0.02515097742429944,common,-2.067549125977829,-1.23159059181798,0.03414358076121956,500,250,yes,0.15804881648243335,0.1915432867074316,0.2209615376235553,0.4265671848451093,0.13901056687685234,0.21504649715513233,0.21959205852481745,0.4207376884661881,0.2866,0.446,0.4464,0.2881,0.2866,0.2353,0.2362,0.3951985022726012,0.395198502272641,0.39519850227261855
54,0.01310999606332973,0.00512399067611244,0.00106394947831927,-0.692964774618408,0.06976536137012149,0.06948386381505797,10000,10088,88,0.00872323552735923,6.85315243415802,50,10,0.6931471805599453,0.05,0.02446496330743793,0.0047564018081213,0.00746722907179749,0.02446496330743793,0.02479841432778171,common,-1.9541518011800405,-1.11082484257754,0.0442964579039669,500,250,yes,0.3732777439178536,0.40030067255078416,0.5359731919617182,0.8586224211983425,0.3107146484813941,0.5042193301374612,0.5160999527325705,0.8386609078705032,0.5915,0.7373,0.739,0.5908,0.5915,0.5279,0.5307,0.6755963019601953,0.6755963019602664,0.6755963019602254
55,0.00165988891045716,8.916870851587144e-4,-6.061712693912406e-4,-0.4072004950417813,0.02371318373764476,0.02374821090920584,10000,10006,6,5.996402158704777e-4,4.136186381361864,100,10,0.4054651081081644,0.01,0.00513845085351359,9.292716192353716e-4,0.00150169088580933,0.00513845085351359,0.00509082897481606,common,-2.0218688899017336,-1.2028110335878195,0.01291175527962738,1000,500,yes,0.4443452129044827,0.3978197411335934,0.551825914397988,0.7273774887995836,0.3354479036493397,0.5393001767461334,0.5400829772592652,0.7189534418965152,0.5921,0.7463,0.7451,0.5929,0.5921,0.5249,0.5245,0.40343268875270105,0.4034326887527091,0.4034326887526287
56,0.00544536362513154,0.00215527036493034,3.0051721997561117e-4,-0.4048516564449264,0.02954896618812983,0.02964448018211453,10000,10023,23,0.00229472213908011,4.428771368589423,100,10,0.4054651081081644,0.02,0.00974822969772573,0.00185348504075634,0.00296299014803118,0.00974822969772573,0.00986127447943029,common,-2.0330251341903427,-1.2098394065121356,0.01739181767323472,1000,500,yes,0.31553458834715997,0.34030796828805115,0.44522739798794886,0.7230458979894447,0.2671228416193553,0.4313346282336959,0.4369071432575743,0.71469500862537,0.5317,0.6904,0.6893,0.5321,0.5317,0.4673,0.4676,0.40138997846894753,0.4013899784689632,0.4013899784689496
57,0.01653570429091885,0.00569577416023605,0.00252703165963431,-0.40488357076042686,0.04792422749139487,0.0480082457900685,10000,10048,48,0.00477707006369426,5.286156612065521,100,10,0.4054651081081644,0.05,0.02509332129102622,0.00471865750101695,0.00747158799847797,0.02509332129102622,0.02515097742429944,common,-2.067549125977829,-1.23159059181798,0.03414358076121956,1000,500,yes,0.17646961502375141,0.22414563873580545,0.27007436978828897,0.7097145370295,0.1660539860113251,0.26253400260468673,0.2812452734729946,0.7015943410891409,0.396,0.5573,0.5573,0.3971,0.396,0.34,0.342,0.3951985022726012,0.395198502272641,0.39519850227261855
58,0.0022171009317745,9.70657854490115e-4,-5.146442570532068e-4,-0.40731374098499307,0.02559960961408567,0.02556477452865741,10000,10000,0,0,3.1192,50,20,0.4054651081081644,0.01,0.00513845085351359,9.292716192353716e-4,0.00150169088580933,0.00513845085351359,0.00509082897481606,common,-2.0218688899017336,-1.2028110335878195,0.01291175527962738,1000,500,yes,0.5569955639618844,0.5196811249072079,0.6311036185295675,0.7273774887995836,0.3917597789121984,0.617397477257618,0.6179086224556573,0.7189534418965152,0.642,0.7198,0.7197,0.6419,0.642,0.6202,0.6192,0.40343268875270105,0.4034326887527091,0.4034326887526287
59,0.00201871630509822,0.0010014751583955401,-4.1799958304983607e-4,-0.6940706975674038,0.0266971823510034,0.02660811801750578,10000,10001,1,9.999000099990002e-5,3.1181,50,20,0.6931471805599453,0.01,0.00503839344489988,9.3681459391213e-4,0.00144157599949555,0.00503839344489988,0.00496452367338316,common,-1.9090894474606124,-1.0825242355095177,0.02401909970344155,1000,500,yes,0.949047348148806,0.844891606516103,0.9756167983859626,0.9923395129843854,0.8012033909753196,0.9665660949283964,0.9668851812645796,0.9890439010850738,0.9582,0.9728,0.9723,0.9588,0.9582,0.9533,0.9531,0.6896727367230195,0.6896727367230344,0.6896727367229596
60,0.00631950156573686,0.00229737524263475,2.0880495644076243e-4,-0.4041148474657901,0.02968856074519405,0.02960742972738654,10000,10001,1,9.999000099990002e-5,3.1935,50,20,0.4054651081081644,0.02,0.00974822969772573,0.00185348504075634,0.00296299014803118,0.00974822969772573,0.00986127447943029,common,-2.0330251341903427,-1.2098394065121356,0.01739181767323472,1000,500,yes,0.4425094968193018,0.4669158149439326,0.5562324917412627,0.7230458979894447,0.33852162967423527,0.5409283537759977,0.54178134666367,0.71469500862537,0.5882,0.6687,0.6704,0.5876,0.5882,0.5655,0.5656,0.40138997846894753,0.4013899784689632,0.4013899784689496
61,0.00631386480546889,0.00225923654299824,3.625721034434253e-4,-0.6922852010757179,0.03082083697036315,0.03067246710952518,10000,10001,1,9.999000099990002e-5,3.199,50,20,0.6931471805599453,0.02,0.00994698245548732,0.0019221556339004,0.0030385619442695,0.00994698245548732,0.01007600897437107,common,-1.9200930639067004,-1.0894340887185665,0.02793907985829265,1000,500,yes,0.8735646774038126,0.8098067674612738,0.9474485516619238,0.991858287633116,0.7248018850323494,0.9310404725046524,0.932054184798958,0.9884481695948532,0.9262,0.9496,0.9495,0.9265,0.9262,0.9175,0.9187,0.6861807004279831,0.6861807004280105,0.686180700427987
62,0.01817931398262283,0.00611812787433951,0.00278331576331163,-0.39831475035905595,0.04157027250294078,0.04144139327301777,10000,10005,5,4.997501249375312e-4,3.3928,50,20,0.4054651081081644,0.05,0.02509332129102622,0.00471865750101695,0.00747158799847797,0.02509332129102622,0.02515097742429944,common,-2.067549125977829,-1.23159059181798,0.03414358076121956,1000,500,yes,0.27228436600539585,0.33663428481677776,0.3914216403459197,0.7097145370295,0.23506718207106864,0.3805575307075846,0.38891351332721114,0.7015943410891409,0.4643,0.5429,0.5441,0.4625,0.4643,0.4384,0.4407,0.3951985022726012,0.395198502272641,0.39519850227261855
63,0.01785179929852154,0.00617850863052458,0.00272694124553285,-0.6920036880722753,0.04295225288764107,0.04267947527593339,10000,10002,2,1.999600079984003e-4,3.4022,50,20,0.6931471805599453,0.05,0.02446496330743793,0.0047564018081213,0.00746722907179749,0.02446496330743793,0.02479841432778171,common,-1.9541518011800405,-1.11082484257754,0.0442964579039669,1000,500,yes,0.638627177808766,0.6753220845233971,0.8262728616243592,0.9902337398066466,0.5451705090049742,0.7958250907868407,0.8075578404082148,0.986463282958903,0.8424,0.8813,0.8812,0.8407,0.8424,0.827,0.8294,0.6755963019601953,0.6755963019602664,0.6755963019602254
64,0.00331125969338575,0.00112165043702552,1.7480271550939953e-4,-0.40315203802773913,0.01451316962711663,0.01449244226221169,10000,10000,0,0,3.0475,100,20,0.4054651081081644,0.01,0.00513845085351359,9.292716192353716e-4,0.00150169088580933,0.00513845085351359,0.00509082897481606,common,-2.0218688899017336,-1.2028110335878195,0.01291175527962738,2000,1000,yes,0.7303620182288795,0.6720461031209927,0.8403947418337978,0.9524527114074436,0.583524220392961,0.8292955801923084,0.8300022212383471,0.9486300437868072,0.8582,0.8974,0.8984,0.8574,0.8582,0.8429,0.8439,0.40343268875270105,0.4034326887527091,0.4034326887526287
65,0.00715443265489837,0.00244166696880408,0.00106159838465415,-0.4028850085513752,0.01836486872341308,0.01830259639164886,10000,10001,1,9.999000099990002e-5,3.1183,100,20,0.4054651081081644,0.02,0.00974822969772573,0.00185348504075634,0.00296299014803118,0.00974822969772573,0.00986127447943029,common,-2.0330251341903427,-1.2098394065121356,0.01739181767323472,2000,1000,yes,0.5527872356005323,0.5908457723128309,0.7314043361294117,0.95060415825552,0.4732335961914189,0.7147165506362778,0.7214803190010265,0.946727572931248,0.7844,0.8361,0.8362,0.7833,0.7844,0.7644,0.7657,0.40138997846894753,0.4013899784689632,0.4013899784689496
66,0.01917905278287108,0.00628528405607318,0.00352856217427399,-0.40363242899058827,0.02939324116535578,0.02930215535407046,10000,10003,3,2.9991002699190244e-4,3.3651,100,20,0.4054651081081644,0.05,0.02509332129102622,0.00471865750101695,0.00747158799847797,0.02509332129102622,0.02515097742429944,common,-2.067549125977829,-1.23159059181798,0.03414358076121956,2000,1000,yes,0.3078956977123465,0.3972361537453792,0.4782736977072494,0.9446488533546132,0.2878184811373803,0.4653502273948834,0.4971305492469804,0.9406142311949374,0.6195,0.6911,0.6907,0.6178,0.6195,0.598,0.5991,0.3951985022726012,0.395198502272641,0.39519850227261855
67,0.00413170444331051,0.00125190823050673,2.8770465091450124e-4,-0.4060435152994216,0.01148349504548183,0.0114605952645943,10000,10000,0,0,2.5183,50,50,0.4054651081081644,0.01,0.00513845085351359,9.292716192353716e-4,0.00150169088580933,0.00513845085351359,0.00509082897481606,common,-2.0218688899017336,-1.2028110335878195,0.01291175527962738,2500,1250,no,0.9139798533544096,0.8882065635479529,0.9523759972919356,0.9820419199948044,0.7594755117474292,0.9464343897292308,0.9466648019594204,0.980092022698122,0.952,0.9521,0.952,0.9444,0.9438,0.9413,0.9412,0.40343268875270105,0.4034326887527091,0.4034326887526287
68,0.00859223550372463,0.00265926475071307,0.00126116287413304,-0.40441878384736185,0.01345997286316225,0.01342732674747919,10000,10000,0,0,2.5605,50,50,0.4054651081081644,0.02,0.00974822969772573,0.00185348504075634,0.00296299014803118,0.00974822969772573,0.00986127447943029,common,-2.0330251341903427,-1.2098394065121356,0.01739181767323472,2500,1250,no,0.8186844680309664,0.8432096465637811,0.91349918197354,0.9811144108796312,0.6845515691962809,0.9034578987088012,0.9040379478200934,0.9791127394048168,0.9217,0.9219,0.9217,0.909,0.9088,0.9053,0.9053,0.40138997846894753,0.4013899784689632,0.4013899784689496
69,0.02144193355783786,0.00685320555478861,0.00399588300087286,-0.39927197343024295,0.01912054366196728,0.01906690674068814,10000,10000,0,0,2.7509,50,50,0.4054651081081644,0.05,0.02509332129102622,0.00471865750101695,0.00747158799847797,0.02509332129102622,0.02515097742429944,common,-2.067549125977829,-1.23159059181798,0.03414358076121956,2500,1250,no,0.5718042696531412,0.6816430005740989,0.7590420906006972,0.9780504830263196,0.4988100106396487,0.7448332041242616,0.7558106528727866,0.975889761308814,0.812,0.8135,0.812,0.7908,0.7903,0.7859,0.7858,0.3951985022726012,0.395198502272641,0.39519850227261855
70,0.00430636205432877,0.00141736380412832,5.775762370172165e-4,-0.4029860400082582,0.00598267763402363,0.00597664955030312,10000,10000,0,0,2.228,50,100,0.4054651081081644,0.01,0.00513845085351359,9.292716192353716e-4,0.00150169088580933,0.00513845085351359,0.00509082897481606,common,-2.0218688899017336,-1.2028110335878195,0.01291175527962738,5000,2500,no,0.9969578463707952,0.994345549702954,0.999241037164798,0.9999215338101196,0.9647217816981328,0.9990007545261992,0.9990107895502482,0.9998999840989816,0.9979,0.9979,0.9979,0.9978,0.9979,0.9977,0.9977,0.40343268875270105,0.4034326887527091,0.4034326887526287
71,0.00910404772262564,0.00280240111981839,0.00153824476524802,-0.4034091188398939,0.0070432948881522,0.00703150833105807,10000,10000,0,0,2.3031,50,100,0.4054651081081644,0.02,0.00974822969772573,0.00185348504075634,0.00296299014803118,0.00974822969772573,0.00986127447943029,common,-2.0330251341903427,-1.2098394065121356,0.01739181767323472,5000,2500,no,0.982104392661031,0.9873568001347088,0.996917578376546,0.9999118547355752,0.9320617261071138,0.9960045692058054,0.9960610968540012,0.9998882436211451,0.9932,0.9934,0.9932,0.9924,0.9924,0.9922,0.9922,0.40138997846894753,0.4013899784689632,0.4013899784689496
72,0.02385864533861945,0.0072259602099893,0.00434372522210334,-0.3955855587953068,0.01024447457316731,0.01022650609571702,10000,10000,0,0,2.4898,50,100,0.4054651081081644,0.05,0.02509332129102622,0.00471865750101695,0.00747158799847797,0.02509332129102622,0.02515097742429944,common,-2.067549125977829,-1.23159059181798,0.03414358076121956,5000,2500,no,0.857188604332414,0.9305332282129266,0.9645684196633572,0.999875206756864,0.7903468282896589,0.9593197753612852,0.9634125161521856,0.999844229611709,0.9618,0.9617,0.9618,0.9593,0.9592,0.9589,0.9588,0.3951985022726012,0.395198502272641,0.39519850227261855
73,8.224185003608377e-4,8.017342076756519e-4,-0.00125667186204155,-0.4039362933619965,0.02464241794237017,0.02482281590431494,10000,10000,0,0,4.1352,50,10,0.4054651081081644,0.01,0.00505726896434369,8.008906316459745e-4,-3.543616204591332e-4,0.00505726896434369,0.00506349961186723,even,-0.5159877182027522,0.8759268660862634,0.01819477386905188,500,250,yes,0.5204764180117243,0.4305966416344083,0.5940176955499512,0.6880237455936419,0.47039485777728907,0.4760361742075317,0.5659648435864213,0.6851995154425294,0.5517,0.7136,0.7125,0.5547,0.5517,0.4956,0.493,0.40343268875270105,0.4034326887526999,0.40343268875268407
74,0.00101336925008054,6.937711920657202e-4,-0.0013522708611205,-0.6938385697280465,0.0252743044827836,0.02549813249342984,10000,10008,8,7.993605115907274e-4,4.183852917665868,50,10,0.6931471805599453,0.01,0.00505397920454193,8.612122487825177e-4,-4.079670375836984e-4,0.00505397920454193,0.00497354919047873,even,-0.38562618281130107,1.0324612998031433,0.04020759747483685,500,250,yes,0.9303494706793128,0.6827293441093563,0.9638749464000452,0.9870835747956248,0.8890585437282846,0.8947494830822532,0.949018798803562,0.9851121493192906,0.9061,0.9574,0.9587,0.9055,0.9061,0.8762,0.8761,0.6896727367230195,0.6896727367230174,0.6896727367229887
75,0.00528787475147348,4.811754867407955e-4,-5.97102722887476e-4,-0.4065534569535175,0.03030259202688121,0.03033991728286936,10000,10003,3,2.9991002699190244e-4,4.3329334133173365,50,10,0.4054651081081644,0.02,0.01001610066179986,0.0015502302287268,-7.086203321704589e-4,0.01001610066179986,0.00998090183585973,even,-0.5195744631809277,0.8792860728076928,0.02431280478011602,500,250,yes,0.4113708703684624,0.3783385528886578,0.5162068868394543,0.6836215479943529,0.4038486235872939,0.4093230383700196,0.47700835231032,0.680840960847353,0.507,0.6738,0.6733,0.5105,0.507,0.4459,0.4437,0.40138997846894753,0.40138997846894053,0.4013899784688937
76,0.00545918076308836,4.8242836127421125e-4,-5.120346820214248e-4,-0.6895251250550029,0.03115020119606305,0.03107734936657613,10000,10007,7,6.995103427600679e-4,4.464021587047771,50,10,0.6931471805599453,0.02,0.01027570592374058,0.00175214386979049,-7.83532139051996e-4,0.01027570592374058,0.0102137394367527,even,-0.38914353651347233,1.0357550965100768,0.046968586499244853,500,250,yes,0.8431891878789195,0.632406109634023,0.9258532293708962,0.9863606605873187,0.8222884221659307,0.8290017131127858,0.8916901835837652,0.98433178402246,0.8575,0.9242,0.9259,0.8535,0.8575,0.8232,0.8217,0.6861807004279831,0.6861807004279707,0.6861807004278865
77,0.0179277507178996,-4.6027249850068915e-4,0.00164133485827051,-0.4035970061314516,0.04702767483860436,0.04662413350008155,10000,10002,2,1.999600079984003e-4,4.706029397060294,50,10,0.4054651081081644,0.05,0.0256279546113436,0.00416527680807883,-0.00185415591706065,0.0256279546113436,0.02563312897917953,even,-0.5306746857734366,0.8896821348969451,0.04324235782539755,500,250,yes,0.25297741032838195,0.2748701926560366,0.3599190671133792,0.6701207419396145,0.27902808028984083,0.28253665039345194,0.31536652567522605,0.667474349557824,0.3925,0.5502,0.5511,0.39,0.3925,0.3351,0.3343,0.3951985022726012,0.3951985022726088,0.3951985022725978
78,0.01760193282947822,-2.447336130841867e-4,0.00156403021278516,-0.6852154778759332,0.04884935898122672,0.04787201707347576,10000,10017,17,0.00169711490466207,5.480479281078383,50,10,0.6931471805599453,0.05,0.02548129671539855,0.00437402549095693,-0.00196731493227517,0.02548129671539855,0.02528233081263875,even,-0.40003354080895753,1.0459529978973945,0.06380502382918014,500,250,yes,0.6000729179683816,0.525511488764367,0.7828422143174563,0.9839524059394072,0.6418527392774245,0.6506694621239109,0.7055274593657382,0.9817460355153136,0.7232,0.8279,0.8332,0.718,0.7232,0.6677,0.6727,0.6755963019601953,0.6755963019602089,0.6755963019601887
79,0.00235696665102282,3.754732627800671e-4,-4.042066701049077e-4,-0.4069511062399371,0.01456332885626695,0.01451968786989674,10000,10001,1,9.999000099990002e-5,3.953804619538046,100,10,0.4054651081081644,0.01,0.00505726896434369,8.008906316459745e-4,-3.543616204591332e-4,0.00505726896434369,0.00506349961186723,even,-0.5159877182027522,0.8759268660862634,0.01819477386905188,1000,500,yes,0.6919262277365446,0.5455858980083116,0.8090314597326819,0.9343036405997132,0.6814534789399791,0.6878765000778045,0.7680536057716216,0.9323994729157532,0.7743,0.8741,0.8742,0.776,0.7743,0.7308,0.7283,0.40343268875270105,0.4034326887526999,0.40343268875268407
80,0.00702241610736422,3.542693241105515e-5,4.875717074360105e-4,-0.4050258903815831,0.01973884912651841,0.01963064828175657,10000,10000,0,0,4.1704,100,10,0.4054651081081644,0.02,0.01001610066179986,0.0015502302287268,-7.086203321704589e-4,0.01001610066179986,0.00998090183585973,even,-0.5195744631809277,0.8792860728076928,0.02431280478011602,1000,500,yes,0.5164179794802961,0.4647701579591588,0.6871809124365126,0.9320284271484164,0.5558063696714843,0.5628659454589788,0.6246564536384742,0.9301081730645284,0.6913,0.8097,0.8121,0.6922,0.6913,0.6377,0.6394,0.40138997846894753,0.40138997846894053,0.4013899784688937
81,0.01962134027739501,-9.777889143511257e-4,0.00264126161390802,-0.402277871994404,0.03547508735162622,0.03483009947221099,10000,10005,5,4.997501249375312e-4,5.190304847576212,100,10,0.4054651081081644,0.05,0.0256279546113436,0.00416527680807883,-0.00185415591706065,0.0256279546113436,0.02563312897917953,even,-0.5306746857734366,0.8896821348969451,0.04324235782539755,1000,500,yes,0.28583005362988273,0.3156416906628413,0.4397814377832657,0.9247599008627716,0.34165420058704393,0.34597038850950235,0.3738765052856483,0.92279514760947845,0.5082,0.6526,0.6562,0.504,0.5082,0.4456,0.4456,0.3951985022726012,0.3951985022726088,0.3951985022725978
82,0.00267211085334216,1.6921967135508914e-4,-2.745642342308938e-4,-0.40487364708146806,0.01476534216642912,0.01479703033614411,10000,10000,0,0,3.0565,50,20,0.4054651081081644,0.01,0.00505726896434369,8.008906316459745e-4,-3.543616204591332e-4,0.00505726896434369,0.00506349961186723,even,-0.5159877182027522,0.8759268660862634,0.01819477386905188,1000,500,yes,0.8117767220935668,0.7138137447448357,0.8745723100491494,0.9343036405997132,0.7601545062008854,0.7663389195362198,0.8523945834769728,0.9323994729157532,0.8449,0.8861,0.8866,0.8436,0.8449,0.8281,0.8295,0.40343268875270105,0.4034326887526999,0.40343268875268407
83,0.00273736507913379,1.1107004976402198e-4,-2.1663936178805177e-4,-0.693230693255849,0.01519218532249433,0.01521597531437262,10000,10000,0,0,3.0731,50,20,0.6931471805599453,0.01,0.00505397920454193,8.612122487825177e-4,-4.079670375836984e-4,0.00505397920454193,0.00497354919047873,even,-0.38562618281130107,1.0324612998031433,0.04020759747483685,1000,500,yes,0.9981496956829636,0.9311064915402988,0.9996016627103615,0.9999640094849096,0.9944471831041084,0.9950985620205052,0.9991099694629006,0.9999488385252412,0.9924,0.9948,0.9958,0.9914,0.9924,0.9901,0.9908,0.6896727367230195,0.6896727367230174,0.6896727367229887
84,0.00711692335941267,2.391238085272573e-5,3.912546636815028e-4,-0.40593308031468234,0.01816407547091153,0.01816817460144635,10000,10000,0,0,3.168,50,20,0.4054651081081644,0.02,0.01001610066179986,0.0015502302287268,-7.086203321704589e-4,0.01001610066179986,0.00998090183585973,even,-0.5195744631809277,0.8792860728076928,0.02431280478011602,1000,500,yes,0.6897110719985721,0.6456689217836876,0.8076615837871322,0.9320284271484164,0.6799743924355621,0.6870774792141805,0.7673951269153974,0.9301081730645284,0.7768,0.8344,0.8349,0.7766,0.7768,0.7585,0.7594,0.40138997846894753,0.40138997846894053,0.4013899784688937
85,0.00720427791062661,2.5667788402498566e-5,6.210855259669411e-4,-0.6929562162230865,0.01875541922165661,0.01865758136607385,10000,10000,0,0,3.1862,50,20,0.6931471805599453,0.02,0.01027570592374058,0.00175214386979049,-7.83532139051996e-4,0.01027570592374058,0.0102137394367527,even,-0.38914353651347233,1.0357550965100768,0.046968586499244853,1000,500,yes,0.9873528618020322,0.9015054017027696,0.9978563430664252,0.9999591941705605,0.9829441391315548,0.9844452219909317,0.994754316501454,0.99994244803704,0.9808,0.9855,0.9867,0.9782,0.9808,0.9749,0.9772,0.6861807004279831,0.6861807004279707,0.6861807004278865
86,0.02138173346793775,-0.00129853126068599,0.00287281037977352,-0.3987223964078135,0.02854873745062424,0.02843611288407538,10000,10000,0,0,3.4301,50,20,0.4054651081081644,0.05,0.0256279546113436,0.00416527680807883,-0.00185415591706065,0.0256279546113436,0.02563312897917953,even,-0.5306746857734366,0.8896821348969451,0.04324235782539755,1000,500,yes,0.4487500778434275,0.4864118440506867,0.6196647531774513,0.9247599008627716,0.49341561696897634,0.49928787943295666,0.5525228074072888,0.92279514760947845,0.6016,0.6689,0.6717,0.6002,0.6016,0.5811,0.5836,0.3951985022726012,0.3951985022726088,0.3951985022725978
87,0.0210032968778946,-0.00105958537881778,0.00291439351703804,-0.6844426315317974,0.02944981915686565,0.02896431387298228,10000,10000,0,0,3.4417,50,20,0.6931471805599453,0.05,0.02548129671539855,0.00437402549095693,-0.00196731493227517,0.02548129671539855,0.02528233081263875,even,-0.40003354080895753,1.0459529978973945,0.06380502382918014,1000,500,yes,0.8790794788163452,0.8165621936065455,0.9724137724215088,0.9999406064360564,0.9075454993036504,0.9129783530067987,0.942491212752518,0.9999181410686654,0.9203,0.9417,0.9453,0.9164,0.9203,0.9075,0.9124,0.6755963019601953,0.6755963019602089,0.6755963019601887
88,0.00353713931112073,-4.900379319290749e-5,2.22952834527151e-4,-0.4053495457451061,0.00875559669010177,0.00875524803933411,10000,10000,0,0,2.9811,100,20,0.4054651081081644,0.01,0.00505726896434369,8.008906316459745e-4,-3.543616204591332e-4,0.00505726896434369,0.00506349961186723,even,-0.5159877182027522,0.8759268660862634,0.01819477386905188,2000,1000,yes,0.9358467356923308,0.8349207680836772,0.9797364985483336,0.998399902310414,0.9304329273689538,0.9337842478527928,0.9676761879920748,0.99827517747322,0.9481,0.9621,0.9629,0.9462,0.9481,0.9405,0.9417,0.40343268875270105,0.4034326887526999,0.40343268875268407
89,0.00837449396327675,-2.9802067280674106e-4,0.00109759266037038,-0.4045839147812903,0.01210249632473222,0.01204185761135744,10000,10000,0,0,3.1185,100,20,0.4054651081081644,0.02,0.01001610066179986,0.0015502302287268,-7.086203321704589e-4,0.01001610066179986,0.00998090183585973,even,-0.5195744631809277,0.8792860728076928,0.02431280478011602,2000,1000,yes,0.8078662806920867,0.7538938389379779,0.93342607072829,0.9982664724466744,0.8438294147105945,0.8498121514789149,0.8963792050380074,0.9981345878125693,0.8884,0.9149,0.9192,0.8855,0.8884,0.8756,0.8798,0.40138997846894753,0.40138997846894053,0.4013899784688937
90,0.02215643260959084,-0.00131669115480638,0.00336282572019051,-0.4033388266422326,0.02199508385301078,0.02176768711945533,10000,10000,0,0,3.5044,100,20,0.4054651081081644,0.05,0.0256279546113436,0.00416527680807883,-0.00185415591706065,0.0256279546113436,0.02563312897917953,even,-0.5306746857734366,0.8896821348969451,0.04324235782539755,2000,1000,yes,0.5047683569864369,0.5529557058039429,0.7249323040593257,0.997797862456861,0.5928612583222358,0.5992862986836694,0.6394643834985861,0.9976423317318454,0.7114,0.7662,0.7695,0.7063,0.7114,0.6873,0.6922,0.3951985022726012,0.3951985022726088,0.3951985022725978
91,0.00400374658915263,-6.789237093465377e-5,3.4388397500749424e-4,-0.403819130058644,0.00665251807812282,0.00664591105371493,10000,10000,0,0,2.4465,50,50,0.4054651081081644,0.01,0.00505726896434369,8.008906316459745e-4,-3.543616204591332e-4,0.00505726896434369,0.00506349961186723,even,-0.5159877182027522,0.8759268660862634,0.01819477386905188,2500,1250,no,0.9944171419631344,0.9789059679340594,0.998434586692482,0.9997903732040264,0.9879821951560438,0.9889385403162876,0.9973976374434564,0.9997683105393652,0.9936,0.9935,0.9936,0.9924,0.9922,0.9916,0.9917,0.40343268875270105,0.4034326887526999,0.40343268875268407
92,0.00883984347912065,-3.7382882715765735e-4,0.00109710289698846,-0.40134786226243735,0.00819855377517054,0.00817851422126397,10000,10000,0,0,2.5372,50,50,0.4054651081081644,0.02,0.01001610066179986,0.0015502302287268,-7.086203321704589e-4,0.01001610066179986,0.00998090183585973,even,-0.5195744631809277,0.8792860728076928,0.02431280478011602,2500,1250,no,0.972679800582787,0.9581678120495892,0.99402323439304,0.9997672594656904,0.9698364042881232,0.971930047634562,0.989096399333765,0.99974334825584,0.9818,0.9816,0.9818,0.977,0.9772,0.9758,0.9764,0.40138997846894753,0.40138997846894053,0.4013899784688937
93,0.02351737855034865,-0.00154074482140231,0.00371256191885543,-0.3971304070606104,0.01292278019314722,0.01285229377845357,10000,10000,0,0,2.7935,50,50,0.4054651081081644,0.05,0.0256279546113436,0.00416527680807883,-0.00185415591706065,0.0256279546113436,0.02563312897917953,even,-0.5306746857734366,0.8896821348969451,0.04324235782539755,2500,1250,no,0.8251906191400252,0.8610716014914394,0.9474511432880788,0.9996818546302014,0.8671273009960911,0.8720612233536261,0.911135630668194,0.9996514964681456,0.9161,0.9145,0.9161,0.9006,0.9016,0.8978,0.8991,0.3951985022726012,0.3951985022726088,0.3951985022725978
94,0.00449520310319192,-2.16271029297349e-4,5.98936469912995e-4,-0.4039267446929488,0.0034526655191792,0.00344809291812462,10000,10000,0,0,2.1844,50,100,0.4054651081081644,0.01,0.00505726896434369,8.008906316459745e-4,-3.543616204591332e-4,0.00505726896434369,0.00506349961186723,even,-0.5159877182027522,0.8759268660862634,0.01819477386905188,5000,2500,no,0.999994596606649,0.9998856689372412,0.9999996985219832,0.9999999967285944,0.999968741175132,0.9999741624882356,0.9999990476086454,0.9999999958712672,1,1,1,1,1,1,1,0.40343268875270105,0.4034326887526999,0.40343268875268407
95,0.00939570039765285,-5.690216289997973e-4,0.0013393934872639,-0.4016018006274969,0.00425920097973019,0.00424639346708063,10000,10000,0,0,2.2694,50,100,0.4054651081081644,0.02,0.01001610066179986,0.0015502302287268,-7.086203321704589e-4,0.01001610066179986,0.00998090183585973,even,-0.5195744631809277,0.8792860728076928,0.02431280478011602,5000,2500,no,0.9997918844901044,0.9994393206126952,0.9999936869915146,0.9999999958672964,0.9997381139249178,0.9997783929433548,0.99997500123058,0.9999999948106254,0.9999,0.9999,0.9999,0.9999,0.9999,0.9999,0.9999,0.40138997846894753,0.40138997846894053,0.4013899784688937
96,0.02423988600317676,-0.00157654021670931,0.00384718754533138,-0.3954809478527842,0.0067419868323739,0.00670842261639604,10000,10000,0,0,2.517,50,100,0.4054651081081644,0.05,0.0256279546113436,0.00416527680807883,-0.00185415591706065,0.0256279546113436,0.02563312897917953,even,-0.5306746857734366,0.8896821348969451,0.04324235782539755,5000,2500,no,0.983603096344593,0.9905239674344692,0.999044595715615,0.9999999916844796,0.9914776395049566,0.9922110453914632,0.9967150582562558,0.999999989712377,0.9947,0.9947,0.9947,0.9937,0.9937,0.9936,0.9935,0.3951985022726012,0.3951985022726088,0.3951985022725978
97,8.727196598505586e-4,1.7676671515554288e-4,-7.250362405765287e-4,-0.4058654736500836,0.02604980828962889,0.02694862379622798,10000,10100,100,0.0099009900990099,8.702785763854466,50,10,0.4054651081081644,0.01,0.00502474510252918,0.00206801475370146,-0.00261370045053815,0.00502474510252918,0.00504726278088214,high01low2,-0.00100046410680799,2.427333855158212,0.01704625125222346,500,250,yes,0.4872678429334406,0.41187619186336666,0.5589258884525067,0.6512938009242573,0.5158127733240729,0.22178018263847543,0.5341526074010787,0.6479155936673056,0.528,0.7018,0.698,0.5354,0.528,0.4709,0.4607,0.40343268875270105,0.4034326887526974,0.4034326887526465
98,9.680649344524584e-4,2.3085495264939352e-4,-6.657174550774642e-4,-0.6898000547488697,0.02671522589760363,0.02856277488849624,10000,10374,374,0.036051667630615,26.263335910320833,50,10,0.6931471805599453,0.01,0.00508582269028084,0.00216101341133332,-0.00267103299716369,0.00508582269028084,0.0051629261466464,high01low2,0.13885882507419414,2.602237132346388,0.03807513131300105,500,250,yes,0.9092333152161952,0.6615515993907305,0.9494689181346224,0.9800750608684872,0.9222342946389132,0.5076844769108151,0.9319754583530344,0.9769785591706828,0.8866,0.9487,0.9485,0.8914,0.8866,0.8569,0.851,0.6896727367230195,0.6896727367230129,0.6896727367231348
99,0.00516526119995867,-0.00181256598228049,0.00108922393012792,-0.4043781850686828,0.03142530110228727,0.0324374177287817,10000,10129,129,0.01273570934939283,10.40995940995941,50,10,0.4054651081081644,0.02,0.01008923032651422,0.0041820149515966,-0.00526493732032021,0.01008923032651422,0.01019573065276206,high01low2,-0.00201642117527899,2.438489768973289,0.0238223234442448,500,250,yes,0.383657399694599,0.3559085563032264,0.4822565757256715,0.6468846617228406,0.443119043756845,0.1903575229078357,0.45098484891990975,0.6435599271184582,0.4788,0.6493,0.6462,0.4878,0.4788,0.4225,0.4128,0.40138997846894753,0.4013899784689307,0.40138997846874336
100,0.00547198018069209,-0.00202138806983554,0.00128170098266057,-0.6850679365336021,0.03242301374271678,0.03422196999262702,10000,10347,347,0.03353629071228375,25.093086395811113,50,10,0.6931471805599453,0.02,0.01017268278404626,0.00427656610313363,-0.00528823144606432,0.01017268278404626,0.01046507239500912,high01low2,0.13786344978163112,2.6132393309594564,0.04393184160935452,500,250,yes,0.8118652977621557,0.6158032721363671,0.9049169737333328,0.9790731107402784,0.8667572463086692,0.43367133488239984,0.8723161570994113,0.9759028572079675,0.8381,0.9131,0.9125,0.8451,0.8381,0.8041,0.7953,0.6861807004279831,0.6861807004279552,0.6861807004276161
101,0.01863990095530968,-0.00858103130610936,0.00672594258536385,-0.4018828591500294,0.04889294255510187,0.04958551281546008,10000,10115,115,0.01136925358378645,11.052407370715276,50,10,0.4054651081081644,0.05,0.02522682752430476,0.01062768043584715,-0.01337997878193854,0.02522682752430476,0.02470305722772609,high01low2,-0.00516052008161846,2.473013805577957,0.04203144704769656,500,250,yes,0.2361457478376454,0.2604588192664865,0.33788658247953235,0.6334017276968379,0.30947200513411366,0.13984906136449698,0.30980529362137255,0.6302403071020324,0.3665,0.5289,0.523,0.3725,0.3665,0.3143,0.306,0.3951985022726012,0.39519850227260417,0.3951985022725744
102,0.01844534068795143,-0.0086672342199176,0.00665232525156642,-0.6860707425292871,0.05001906970938076,0.05168755718257641,10000,10288,288,0.02799377916018662,23.131304262998732,50,10,0.6931471805599453,0.05,0.02546857076129844,0.0109229307779914,-0.01339738788443477,0.02546857076129844,0.02560825162967206,high01low2,0.13478203235754763,2.6472980195170672,0.06099781960020255,500,250,yes,0.5643060190000067,0.5053326452152949,0.7481504925728761,0.9757720871475558,0.6949514547439688,0.30427198444156467,0.6950107765268712,0.9723774445911104,0.7074,0.8232,0.822,0.7155,0.7074,0.6635,0.6531,0.6755963019601953,0.6755963019602007,0.6755963019601474
103,0.0027830653923882,-0.00113121693641146,5.774662191106343e-4,-0.4044299278378725,0.01549401591242016,0.01584956419196423,10000,10045,45,0.00447984071677451,5.021622160223196,100,10,0.4054651081081644,0.01,0.00502474510252918,0.00206801475370146,-0.00261370045053815,0.00502474510252918,0.00504726278088214,high01low2,-0.00100046410680799,2.427333855158212,0.01704625125222346,1000,500,yes,0.6552078357661966,0.5280074957739164,0.7763460123888415,0.9138782878089564,0.7323062172065217,0.33713115617002576,0.7413050710841811,0.9113024825124244,0.7568,0.8647,0.8633,0.7589,0.7568,0.7074,0.7022,0.40343268875270105,0.4034326887526974,0.4034326887526465
104,0.00673603968868092,-0.0029928638336895,0.0021800154019652,-0.4047933187048018,0.02016834101519736,0.02056009212641018,10000,10040,40,0.00398406374501992,4.791546206759047,100,10,0.4054651081081644,0.02,0.01008923032651422,0.0041820149515966,-0.00526493732032021,0.01008923032651422,0.01019573065276206,high01low2,-0.00201642117527899,2.438489768973289,0.0238223234442448,1000,500,yes,0.4833759025518852,0.43920588368037,0.6488731405202981,0.9112021843401414,0.6032398708477719,0.26226609124622907,0.6046145656973142,0.908612805103108,0.6727,0.7981,0.7953,0.6752,0.6727,0.621,0.6175,0.40138997846894753,0.4013899784689307,0.40138997846874336
105,0.01937382588305674,-0.00973277759844443,0.00759219308278475,-0.40408969518947085,0.03573603396097453,0.03593268624247103,10000,10033,33,0.00328914581879796,5.813011374975055,100,10,0.4054651081081644,0.05,0.02522682752430476,0.01062768043584715,-0.01337997878193854,0.02522682752430476,0.02470305722772609,high01low2,-0.00516052008161846,2.473013805577957,0.04203144704769656,1000,500,yes,0.2665320752964616,0.299856533305628,0.4142679238151576,0.902713045252064,0.3797882702872361,0.1674375051437488,0.3809974149136741,0.9000883849829843,0.495,0.6479,0.6445,0.5025,0.495,0.4401,0.4336,0.3951985022726012,0.39519850227260417,0.3951985022725744
106,0.00281053599256061,-0.00105695272732745,6.263585397657519e-4,-0.4050057301351048,0.01586873763404636,0.0159897084505273,10000,10002,2,1.999600079984003e-4,3.2645470905818836,50,20,0.4054651081081644,0.01,0.00502474510252918,0.00206801475370146,-0.00261370045053815,0.00502474510252918,0.00504726278088214,high01low2,-0.00100046410680799,2.427333855158212,0.01704625125222346,1000,500,yes,0.7783705470716005,0.6903589695056329,0.8464902240567144,0.9138782878089564,0.8072790662087236,0.39291885292978657,0.8246054440151814,0.9113024825124244,0.8185,0.8698,0.8696,0.8189,0.8185,0.8048,0.8037,0.40343268875270105,0.4034326887526974,0.4034326887526465
107,0.00264249441925647,-9.095061876723032e-4,4.2465068145988233e-4,-0.6949652580652144,0.01612106663438444,0.01644436055822474,10000,10010,10,9.99000999000999e-4,4.048251748251748,50,20,0.6931471805599453,0.01,0.00508582269028084,0.00216101341133332,-0.00267103299716369,0.00508582269028084,0.0051629261466464,high01low2,0.13885882507419414,2.602237132346388,0.03807513131300105,1000,500,yes,0.996546568321199,0.9194151632865676,0.9991282458380883,0.9999020135451672,0.9976017902263644,0.7992895050851601,0.9982496431519784,0.9998600359002626,0.9914,0.9943,0.9946,0.9902,0.9914,0.9889,0.9902,0.6896727367230195,0.6896727367230129,0.6896727367231348
108,0.00762160359133106,-0.00348048729232915,0.00264863528697723,-0.4026437649979754,0.01927343875095542,0.01939993838527324,10000,10002,2,1.999600079984003e-4,3.4342131573685264,50,20,0.4054651081081644,0.02,0.01008923032651422,0.0041820149515966,-0.00526493732032021,0.01008923032651422,0.01019573065276206,high01low2,-0.00201642117527899,2.438489768973289,0.0238223234442448,1000,500,yes,0.6529855024482295,0.6138659800617694,0.7730485266116193,0.9112021843401414,0.7289093748451658,0.3343885255776665,0.7381492328087179,0.908612805103108,0.7455,0.806,0.807,0.7459,0.7455,0.7303,0.7288,0.40138997846894753,0.4013899784689307,0.40138997846874336
109,0.00744111278981556,-0.00345587306520642,0.00249738880432096,-0.6909258690830458,0.01958485257495616,0.01990146005528777,10000,10012,12,0.00119856172592888,4.036060333633004,50,20,0.6931471805599453,0.02,0.01017268278404626,0.00427656610313363,-0.00528823144606432,0.01017268278404626,0.01046507239500912,high01low2,0.13786344978163112,2.6132393309594564,0.04393184160935452,1000,500,yes,0.980449717823821,0.8903322506600589,0.9961458645777638,0.9998902172356252,0.991421063870549,0.7175642370270917,0.9922478895073218,0.9998444255029184,0.9783,0.9854,0.9859,0.9765,0.9783,0.9729,0.9751,0.6861807004279831,0.6861807004279552,0.6861807004276161
110,0.02137928947172891,-0.0107950329502046,0.00846599021671603,-0.40217151824665887,0.02925837869893858,0.02931680101570634,10000,10000,0,0,3.5298,50,20,0.4054651081081644,0.05,0.02522682752430476,0.01062768043584715,-0.01337997878193854,0.02522682752430476,0.02470305722772609,high01low2,-0.00516052008161846,2.473013805577957,0.04203144704769656,1000,500,yes,0.418930487536161,0.4617663950031711,0.5872069031443344,0.902713045252064,0.5431957255708636,0.23671235086497688,0.5437258261542697,0.9000883849829843,0.593,0.6695,0.6688,0.5945,0.593,0.5717,0.572,0.3951985022726012,0.39519850227260417,0.3951985022725744
111,0.02138349190880809,-0.01081860484916371,0.00854310888914779,-0.6852114016059008,0.02993553865095635,0.0299411725925627,10000,10004,4,3.9984006397441024e-4,3.8901329601119663,50,20,0.6931471805599453,0.05,0.02546857076129844,0.0109229307779914,-0.01339738788443477,0.02546857076129844,0.02560825162967206,high01low2,0.13478203235754763,2.6472980195170672,0.06099781960020255,1000,500,yes,0.8510155331520557,0.7969419873272375,0.9605838039028964,0.9998457984345152,0.9373621311098382,0.5348828345658163,0.937391630846136,0.999786502250446,0.9206,0.9428,0.9441,0.9185,0.9206,0.9093,0.9121,0.6755963019601953,0.6755963019602007,0.6755963019601474
112,0.00352548446081646,-0.00162688681621519,0.00113458092363508,-0.4050541743024226,0.00921828967992022,0.00927191062823276,10000,10001,1,9.999000099990002e-5,3.0575,100,20,0.4054651081081644,0.01,0.00502474510252918,0.00206801475370146,-0.00261370045053815,0.00502474510252918,0.00504726278088214,high01low2,-0.00100046410680799,2.427333855158212,0.01704625125222346,2000,1000,yes,0.9156986896768002,0.8189074604181221,0.9703875190949772,0.9969711201131838,0.9543305891176238,0.5860680345930365,0.957949282817018,0.9967296020971146,0.9435,0.9595,0.9606,0.9415,0.9435,0.9351,0.9368,0.40343268875270105,0.4034326887526974,0.4034326887526465
113,0.00838430186526396,-0.00406332817007057,0.00319142935284721,-0.4014454438905341,0.01248194107421368,0.01249729662317533,10000,10001,1,9.999000099990002e-5,3.184,100,20,0.4054651081081644,0.02,0.01008923032651422,0.0041820149515966,-0.00526493732032021,0.01008923032651422,0.01019573065276206,high01low2,-0.00201642117527899,2.438489768973289,0.0238223234442448,2000,1000,yes,0.774243706218381,0.724243073299255,0.9118873618493613,0.9967439653896942,0.8813977313922212,0.4648882007284997,0.8823957122230253,0.9964905419517004,0.8828,0.9117,0.9136,0.8799,0.8828,0.8693,0.872,0.40138997846894753,0.4013899784689307,0.40138997846874336
114,0.02200822052128492,-0.01125010590538849,0.00894054092466435,-0.4015171240631773,0.02191743126957247,0.02189106043002903,10000,10000,0,0,3.5369,100,20,0.4054651081081644,0.05,0.02522682752430476,0.01062768043584715,-0.01337997878193854,0.02522682752430476,0.02470305722772609,high01low2,-0.00516052008161846,2.473013805577957,0.04203144704769656,2000,1000,yes,0.47222191640139766,0.527762186497214,0.6934149715021418,0.9959588957074196,0.6476717035096675,0.29049459246142917,0.649337230124975,0.9956668355864424,0.714,0.7673,0.7681,0.7103,0.714,0.6897,0.6927,0.3951985022726012,0.39519850227260417,0.3951985022725744
115,0.00411258103511888,-0.00200566406067075,0.0014882841585949,-0.4036389068927324,0.00708805203573767,0.00709599497279108,10000,10000,0,0,2.5141,50,50,0.4054651081081644,0.01,0.00502474510252918,0.00206801475370146,-0.00261370045053815,0.00502474510252918,0.00504726278088214,high01low2,-0.00100046410680799,2.427333855158212,0.01704625125222346,2500,1250,no,0.990645348547746,0.9728620830920708,0.9970576525741066,0.9995173800387211,0.9939856695613812,0.7609571794927057,0.9955295827965516,0.99946545056525,0.9927,0.9928,0.9927,0.9912,0.991,0.9908,0.9907,0.40343268875270105,0.4034326887526974,0.4034326887526465
116,0.00894923274200244,-0.00449574469836264,0.00350489008027505,-0.4036099862883446,0.00858234611710789,0.00857926944936119,10000,10000,0,0,2.6203,50,50,0.4054651081081644,0.02,0.01008923032651422,0.0041820149515966,-0.00526493732032021,0.01008923032651422,0.01019573065276206,high01low2,-0.00201642117527899,2.438489768973289,0.0238223234442448,2500,1250,no,0.960882545758329,0.9448234144566904,0.9899148326173528,0.9994695016160702,0.9822559015242184,0.6781591165070495,0.9841122881005492,0.9994137792517376,0.979,0.979,0.979,0.9753,0.9758,0.9741,0.9742,0.40138997846894753,0.4013899784689307,0.40138997846874336
117,0.0235199220244625,-0.01197667981974417,0.00948453484062328,-0.39779400783414887,0.01312240673581914,0.01309846004368015,10000,10000,0,0,2.9195,50,50,0.4054651081081644,0.05,0.02522682752430476,0.01062768043584715,-0.01337997878193854,0.02522682752430476,0.02470305722772609,high01low2,-0.00516052008161846,2.473013805577957,0.04203144704769656,2500,1250,no,0.7925961186728778,0.8382390140974123,0.9315507164280212,0.9992962295828428,0.9049943806987476,0.5021799323338637,0.9053511249641129,0.9992275612414184,0.9113,0.9106,0.9113,0.8966,0.8973,0.8933,0.8938,0.3951985022726012,0.39519850227260417,0.3951985022725744
118,0.00454498711799522,-0.00225549642688564,0.00172036512199971,-0.403077114981601,0.00368993830407787,0.00368734004320467,10000,10000,0,0,2.2536,50,100,0.4054651081081644,0.01,0.00502474510252918,0.00206801475370146,-0.00261370045053815,0.00502474510252918,0.00504726278088214,high01low2,-0.00100046410680799,2.427333855158212,0.01704625125222346,5000,2500,no,0.9999824097036571,0.999795091217122,0.9999987417171912,0.9999999788412276,0.9999935960501016,0.9652430735674048,0.9999967438229684,0.9999999731646632,1,1,1,1,1,1,1,0.40343268875270105,0.4034326887526974,0.4034326887526465
119,0.00949054468595143,-0.00492369582162818,0.00385573132389596,-0.40139885733220393,0.00448129103762439,0.00447314656438614,10000,10000,0,0,2.3597,50,100,0.4054651081081644,0.02,0.01008923032651422,0.0041820149515966,-0.00526493732032021,0.01008923032651422,0.01019573065276206,high01low2,-0.00201642117527899,2.438489768973289,0.0238223234442448,5000,2500,no,0.9995205278025622,0.9989289461506992,0.9999790996011834,0.9999999738372134,0.9999233223026136,0.9286756360860284,0.9999405728905284,0.9999999669892946,0.9999,0.9999,0.9999,0.9999,0.9999,0.9999,0.9999,0.40138997846894753,0.4013899784689307,0.40138997846874336
120,0.02437212575512758,-0.01273039943890072,0.01012738593079182,-0.3967848711924508,0.00686973636341461,0.00685136969130255,10000,10000,0,0,2.6738,50,100,0.4054651081081644,0.05,0.02522682752430476,0.01062768043584715,-0.01337997878193854,0.02522682752430476,0.02470305722772609,high01low2,-0.00516052008161846,2.473013805577957,0.04203144704769656,5000,2500,no,0.9752975939371352,0.9863785810554568,0.9982238460062386,0.9999999506297116,0.996153277602912,0.793769747396631,0.9961873341229288,0.999999938644776,0.995,0.9949,0.995,0.994,0.9942,0.9938,0.9938,0.3951985022726012,0.39519850227260417,0.3951985022725744
121,-6.789129379527868e-5,9.389664981549962e-4,-0.00183678960657231,-0.4061369257502744,0.04221880620798408,0.04233799970056194,10000,10035,35,0.00348779272546088,5.537793310034948,50,10,0.4054651081081644,0.01,0.00508371704778939,8.826749215227212e-4,-0.00173924843800858,0.00508371704778939,0.0052789133308041,rare,1.608276141789996,2.427333997914866,0.01159767624879359,500,250,yes,0.3182164609383574,0.30492477254202105,0.3685879531561001,0.44111581216287266,0.35843017466330124,0.2201786702068964,0.35858842415269687,0.43481622155064154,0.3726,0.5451,0.545,0.3733,0.3726,0.3139,0.3129,0.40343268875270105,0.40343268875267735,0.40343268875277527
122,2.9022937250819506e-4,9.475063510989908e-4,-0.00179910404191042,-0.6958534582409857,0.04408112438583674,0.04440555927448368,10000,10052,52,0.00517309988062077,6.8289959118556185,50,10,0.6931471805599453,0.01,0.00481042870703862,9.232291251322792e-4,-0.00176322126783375,0.00481042870703862,0.00478911770083141,rare,1.7756718281037704,2.60223755094944,0.02354966859122223,500,250,yes,0.7198999250356417,0.561467170493192,0.7972723613920628,0.8723077937778992,0.7672855997619075,0.5135176119994374,0.7675755198312657,0.8523459235782821,0.7392,0.8632,0.863,0.7395,0.7392,0.6804,0.6777,0.6896727367230195,0.689672736722976,0.6896727367230275
123,0.0045372842052351,-5.825940164211034e-4,-0.00116572923661226,-0.4039388497124424,0.04895057647753668,0.04923238263095979,10000,10059,59,0.00586539417437121,6.62074812967581,50,10,0.4054651081081644,0.02,0.00987392432095258,0.00188097720779652,-0.00366566301972835,0.00987392432095258,0.00967524718107283,rare,1.615304596736779,2.438490148376623,0.01581039795142795,500,250,yes,0.2494204206765311,0.27288775536964005,0.31662929546764484,0.4374984265590771,0.30794155774949783,0.1929030952341371,0.30810616047361034,0.4313169853170601,0.3481,0.51,0.5087,0.347,0.3481,0.2944,0.2922,0.40138997846894753,0.40138997846885616,0.40138997846874025
124,0.00400330078934017,-6.638490231062653e-4,-9.524575645511556e-4,-0.6926146624121859,0.05085229104896234,0.05123396932730068,10000,10067,67,0.00665540876129929,6.329175813210936,50,10,0.6931471805599453,0.02,0.01018304690860213,0.00186541251377956,-0.00359176304786097,0.01018304690860213,0.01043385994020345,rare,1.782581379230855,2.613240272763193,0.02914346428498794,500,250,yes,0.5926817541921922,0.5086453093023618,0.7129730339492594,0.8690018792238516,0.6810828994921622,0.4340279221080579,0.6820655729028355,0.8490308326237954,0.6934,0.8256,0.8252,0.696,0.6934,0.6332,0.6313,0.6861807004279831,0.6861807004278229,0.6861807004276181
125,0.01514958885222157,-0.00461374091460773,0.00106221334407997,-0.4051420120351357,0.0671722240441129,0.06721757765556195,10000,10069,69,0.00685271625782103,6.87901456213844,50,10,0.4054651081081644,0.05,0.02487256836769159,0.00473798723333289,-0.00916287818264555,0.02487256836769159,0.02453248263003491,rare,1.6370556994825434,2.4730142342229033,0.03232473792927812,500,250,yes,0.1580488165133274,0.19665685676221503,0.2218232248832616,0.42656718493815854,0.21609831520513673,0.14022001485682858,0.22014913053867935,0.42073768855976046,0.2878,0.4452,0.4428,0.2892,0.2878,0.2386,0.2378,0.3951985022726012,0.395198502272591,0.395198502272577
126,0.01644070369588062,-0.00517269542799126,0.00151622775791624,-0.6884930950685676,0.0714604382253571,0.07162285051553738,10000,10118,118,0.0116623838703301,9.71180037777115,50,10,0.6931471805599453,0.05,0.02527241617407646,0.00481486153952798,-0.00926440701611223,0.02527241617407646,0.02512976106419199,rare,1.803972065020439,2.6472989537696536,0.04459610508656345,500,250,yes,0.3732777361849391,0.3987790151757592,0.5287360134156538,0.858622412715893,0.5001301374530328,0.3069315254542727,0.511468179762533,0.8386608984321866,0.5836,0.7383,0.7401,0.5808,0.5836,0.5156,0.5141,0.6755963019601953,0.6755963019601756,0.675596301960147
127,0.0018392926840462,-3.068450902295505e-4,-4.580007059956361e-4,-0.40426334680435305,0.02360608168719175,0.02367079132086557,10000,10021,21,0.00209559924159265,4.297951024487756,100,10,0.4054651081081644,0.01,0.00508371704778939,8.826749215227212e-4,-0.00173924843800858,0.00508371704778939,0.0052789133308041,rare,1.608276141789996,2.427333997914866,0.01159767624879359,1000,500,yes,0.444345212883693,0.41751847289822003,0.5533143880017473,0.7273774887749437,0.539491542538438,0.332890828851451,0.5403055545568399,0.7189534418713612,0.589,0.7432,0.7426,0.5904,0.589,0.5229,0.5234,0.40343268875270105,0.40343268875267735,0.40343268875277527
128,0.00592907515293694,-0.00174393416038405,2.0412208000197965e-4,-0.405265077233059,0.02966555319727455,0.02983922854207236,10000,10031,31,0.0030904196989333,4.75809029165002,100,10,0.4054651081081644,0.02,0.00987392432095258,0.00188097720779652,-0.00366566301972835,0.00987392432095258,0.00967524718107283,rare,1.615304596736779,2.438490148376623,0.01581039795142795,1000,500,yes,0.3155345751278492,0.35752826285139777,0.44295904361219407,0.7230458765170822,0.4311122024339737,0.26793493213950464,0.4358285656694125,0.7146949866852488,0.5296,0.6882,0.6871,0.5318,0.5296,0.4648,0.4625,0.40138997846894753,0.40138997846885616,0.40138997846874025
129,0.01774713289337234,-0.00609475413329329,0.00246339244067122,-0.40192603726792414,0.04734446974512003,0.04757008859969289,10000,10033,33,0.00328914581879796,4.931427429028389,100,10,0.4054651081081644,0.05,0.02487256836769159,0.00473798723333289,-0.00916287818264555,0.02487256836769159,0.02453248263003491,rare,1.6370556994825434,2.4730142342229033,0.03232473792927812,1000,500,yes,0.1764696150594714,0.23184691571699917,0.27148018279570146,0.7097145371445286,0.264251899484751,0.16805183992302258,0.28186998096711785,0.7015943412065183,0.3979,0.5665,0.5673,0.3991,0.3979,0.3424,0.3413,0.3951985022726012,0.395198502272591,0.395198502272577
130,0.00227697714363343,-3.865884013792413e-4,-5.108636385766008e-4,-0.4096016217182688,0.02566536297541918,0.02565840252601325,10000,10000,0,0,3.1306,50,20,0.4054651081081644,0.01,0.00508371704778939,8.826749215227212e-4,-0.00173924843800858,0.00508371704778939,0.0052789133308041,rare,1.608276141789996,2.427333997914866,0.01159767624879359,1000,500,yes,0.5569955639378701,0.5359307418798285,0.6320319824873273,0.7273774887749437,0.6175176730047458,0.3899883957196109,0.6177461989163198,0.7189534418713612,0.646,0.7237,0.7244,0.6468,0.646,0.6211,0.6225,0.40343268875270105,0.40343268875267735,0.40343268875277527
131,0.00279891899439299,-3.659773557034358e-4,-5.410918733143611e-4,-0.6959275096683198,0.02688961069846089,0.02689459924195908,10000,10001,1,9.999000099990002e-5,3.255174482551745,50,20,0.6931471805599453,0.01,0.00481042870703862,9.232291251322792e-4,-0.00176322126783375,0.00481042870703862,0.00478911770083141,rare,1.7756718281037704,2.60223755094944,0.02354966859122223,1000,500,yes,0.949047301009972,0.8486377660800724,0.9766136832554204,0.9923395014003074,0.9674179179367028,0.8050425004002635,0.9675155575851851,0.9890438849174394,0.9589,0.9741,0.975,0.9596,0.9589,0.9534,0.9534,0.6896727367230195,0.689672736722976,0.6896727367230275
132,0.00704373361228792,-0.00218198254655576,5.089625403013918e-4,-0.4006522379308527,0.02994796842912876,0.02987463676553163,10000,10000,0,0,3.1951,50,20,0.4054651081081644,0.02,0.00987392432095258,0.00188097720779652,-0.00366566301972835,0.00987392432095258,0.00967524718107283,rare,1.615304596736779,2.438490148376623,0.01581039795142795,1000,500,yes,0.4425094788090205,0.4830555338669084,0.5545075937961763,0.7230458765170822,0.540757338109489,0.3392063575427833,0.5410199214282341,0.7146949866852488,0.5829,0.6605,0.6621,0.5826,0.5829,0.5569,0.5585,0.40138997846894753,0.40138997846885616,0.40138997846874025
133,0.00707102591336694,-0.00192984334083402,2.5679318768176196e-4,-0.6896755508789608,0.03102809879083604,0.03100612833849528,10000,10004,4,3.9984006397441024e-4,3.2196,50,20,0.6931471805599453,0.02,0.01018304690860213,0.00186541251377956,-0.00359176304786097,0.01018304690860213,0.01043385994020345,rare,1.782581379230855,2.613240272763193,0.02914346428498794,1000,500,yes,0.8735646559917953,0.8002439401864146,0.9459465486749556,0.9918582844040764,0.9302365556043408,0.7179973455963187,0.9307565562197496,0.988448165127738,0.9264,0.9495,0.9493,0.9259,0.9264,0.9184,0.9181,0.6861807004279831,0.6861807004278229,0.6861807004276181
134,0.01973545174056227,-0.00674168354027993,0.00277571279959612,-0.40046192615656534,0.04174776883683024,0.04149217607268497,10000,10005,5,4.997501249375312e-4,3.382061793820618,50,20,0.4054651081081644,0.05,0.02487256836769159,0.00473798723333289,-0.00916287818264555,0.02487256836769159,0.02453248263003491,rare,1.6370556994825434,2.4730142342229033,0.03232473792927812,1000,500,yes,0.27228436606550016,0.3462878515689224,0.39299752904091534,0.7097145371445286,0.3824952643603174,0.23744004893978313,0.38993428761903304,0.7015943412065183,0.469,0.5453,0.5467,0.4673,0.469,0.4442,0.4462,0.3951985022726012,0.395198502272591,0.395198502272577
135,0.0191637278788608,-0.00667231692502971,0.00279176460176073,-0.6886748718319863,0.04276975444387859,0.0423536094396527,10000,10006,6,5.996402158704777e-4,3.3812,50,20,0.6931471805599453,0.05,0.02527241617407646,0.00481486153952798,-0.00926440701611223,0.02527241617407646,0.02512976106419199,rare,1.803972065020439,2.6472989537696536,0.04459610508656345,1000,500,yes,0.6386271669893211,0.6733150175957228,0.8195886134326371,0.9902337384074876,0.7916916758489878,0.5391443403221885,0.8030324859435455,0.986463281067497,0.8425,0.8836,0.8839,0.8433,0.8425,0.8302,0.8293,0.6755963019601953,0.6755963019601756,0.675596301960147
136,0.00356497169465411,-0.00100348869950835,1.7496623939777496e-4,-0.4054808665058922,0.01460117757342923,0.0145747745686759,10000,10000,0,0,3.0502,100,20,0.4054651081081644,0.01,0.00508371704778939,8.826749215227212e-4,-0.00173924843800858,0.00508371704778939,0.0052789133308041,rare,1.608276141789996,2.427333997914866,0.01159767624879359,2000,1000,yes,0.7303620182042883,0.6975403874358839,0.8416843190485003,0.9524527113970476,0.829468488392134,0.5796435631500271,0.830202826342122,0.9486300437756912,0.8557,0.8979,0.8974,0.8558,0.8557,0.8412,0.8418,0.40343268875270105,0.40343268875267735,0.40343268875277527
137,0.00767049196140261,-0.00256264186265821,9.75639833789426e-4,-0.4046549979966031,0.01824243573519802,0.01820672361894718,10000,10000,0,0,3.1168,100,20,0.4054651081081644,0.02,0.00987392432095258,0.00188097720779652,-0.00366566301972835,0.00987392432095258,0.00967524718107283,rare,1.615304596736779,2.438490148376623,0.01581039795142795,2000,1000,yes,0.5527872148046783,0.6162137827493175,0.7287194877147621,0.9506041489876854,0.7144446229456577,0.4746227294075959,0.7201785120393613,0.9467275630231364,0.7849,0.8361,0.8376,0.7829,0.7849,0.766,0.7695,0.40138997846894753,0.40138997846885616,0.40138997846874025
138,0.02071374956321588,-0.00739553635671768,0.00350718055477106,-0.40104920097097985,0.02943851464630753,0.02935817208593299,10000,10001,1,9.999000099990002e-5,3.3904,100,20,0.4054651081081644,0.05,0.02487256836769159,0.00473798723333289,-0.00916287818264555,0.02487256836769159,0.02453248263003491,rare,1.6370556994825434,2.4730142342229033,0.03232473792927812,2000,1000,yes,0.30789569778091275,0.4111993264756062,0.4806658582336365,0.9446488534077476,0.4683081975889665,0.291682020782261,0.49817475229645114,0.9406142312514894,0.6074,0.677,0.6785,0.6065,0.6074,0.5849,0.5856,0.3951985022726012,0.395198502272591,0.395198502272577
139,0.00395420182840685,-0.00127644834502443,3.597324212091215e-4,-0.403017208979606,0.01150577796736045,0.01148562141019238,10000,10000,0,0,2.5087,50,50,0.4054651081081644,0.01,0.00508371704778939,8.826749215227212e-4,-0.00173924843800858,0.00508371704778939,0.0052789133308041,rare,1.608276141789996,2.427333997914866,0.01159767624879359,2500,1250,no,0.913979853339312,0.9000101741490062,0.9527609386066688,0.9820419199896208,0.9464886336211248,0.7571990932892618,0.9465916605369852,0.980092022692434,0.9459,0.946,0.9459,0.9375,0.9374,0.9354,0.9349,0.40343268875270105,0.40343268875267735,0.40343268875277527
140,0.00855690693650319,-0.00290284771995512,0.00121031701152242,-0.4054285097474218,0.01341540281631662,0.01337338833666515,10000,10000,0,0,2.5806,50,50,0.4054651081081644,0.02,0.00987392432095258,0.00188097720779652,-0.00366566301972835,0.00987392432095258,0.00967524718107283,rare,1.615304596736779,2.438490148376623,0.01581039795142795,2500,1250,no,0.8186844490171916,0.8581028145713234,0.9124057325263568,0.981114406200819,0.9033413114788784,0.6856024448134979,0.903520283145679,0.9791127342746624,0.9192,0.9202,0.9192,0.9061,0.9054,0.9031,0.9023,0.40138997846894753,0.40138997846885616,0.40138997846874025
141,0.02259375542234008,-0.00809052736776595,0.00400052043724029,-0.4006535467209475,0.01915749893894697,0.01905497045248271,10000,10000,0,0,2.7644,50,50,0.4054651081081644,0.05,0.02487256836769159,0.00473798723333289,-0.00916287818264555,0.02487256836769159,0.02453248263003491,rare,1.6370556994825434,2.4730142342229033,0.03232473792927812,2500,1250,no,0.5718042697654688,0.6963351547288682,0.7610575275410156,0.9780504830541564,0.7474079801935274,0.5036663822409472,0.7571293294155577,0.9758897613391492,0.8122,0.8126,0.8122,0.7917,0.7915,0.7857,0.7849,0.3951985022726012,0.395198502272591,0.395198502272577
142,0.00444839301030713,-0.00150604667917516,6.352448033936853e-4,-0.4043386748405252,0.0059920043387569,0.00598482013799749,10000,10000,0,0,2.2305,50,100,0.4054651081081644,0.01,0.00508371704778939,8.826749215227212e-4,-0.00173924843800858,0.00508371704778939,0.0052789133308041,rare,1.608276141789996,2.427333997914866,0.01159767624879359,5000,2500,no,0.9969578463695352,0.9956588055287956,0.9992552978683517,0.9999215338100672,0.9990031222648524,0.9639118717120037,0.9990076104172544,0.9998999840989156,0.9979,0.9979,0.9979,0.9976,0.9975,0.9974,0.9974,0.40343268875270105,0.40343268875267735,0.40343268875277527
143,0.0091635874440042,-0.00324029482839926,0.00152366890048747,-0.4020479078207078,0.00703532558371677,0.00701724337047496,10000,10000,0,0,2.3017,50,100,0.4054651081081644,0.02,0.00987392432095258,0.00188097720779652,-0.00366566301972835,0.00987392432095258,0.00967524718107283,rare,1.615304596736779,2.438490148376623,0.01581039795142795,5000,2500,no,0.9821043881676498,0.9900345605496704,0.9968248215500218,0.9999118546851208,0.9959931505257832,0.9326089969048412,0.9960106713802837,0.9998882435576816,0.9937,0.9941,0.9937,0.9928,0.9924,0.9924,0.9922,0.40138997846894753,0.40138997846885616,0.40138997846874025
144,0.02398438087886017,-0.00870594019717986,0.00438266436007284,-0.3961042949233046,0.01023395590292705,0.0102027347144389,10000,10000,0,0,2.5111,50,100,0.4054651081081644,0.05,0.02487256836769159,0.00473798723333289,-0.00916287818264555,0.02487256836769159,0.02453248263003491,rare,1.6370556994825434,2.4730142342229033,0.03232473792927812,5000,2500,no,0.8571886044237274,0.9380480667544888,0.9652782121568976,0.9998752067572304,0.9603029350651798,0.7952690197156216,0.9638868782680544,0.9998442296121628,0.9616,0.9621,0.9616,0.958,0.9574,0.9574,0.9571,0.3951985022726012,0.395198502272591,0.395198502272577
