scena,number_clusters,cluster_sizes,beta_X_list,latent_ICC,ordinal_dist_type,gamma0,gamma1,N,m,rho11,rho22,rho12,bin_rho0,bin_rho01,pi_0,pi_1,pi_2,pi_0_C,pi_1_C,pi_2_C,pi_0_T,pi_1_T,pi_2_T,mean.pi_0,mean.pi_1,mean.pi_2,mean.pi_0_C,mean.pi_1_C,mean.pi_2_C,mean.pi_0_T,mean.pi_1_T,mean.pi_2_T
1,5000,100,0.4054651081081644,0.01,even,-0.5159877182027522,0.8759268660862634,500000,250000,0.00505726896434369,8.008906316459745e-4,-3.543616204591332e-4,0.00505726896434369,0.00506349961186723,0.3299999757805393,0.3300000471119272,0.33999997710750585,0.3743965211415954,0.33066873328619234,0.29493474557218474,0.2856034304194833,0.3293313609376621,0.385065208642827,0.33001886,0.3300384,0.33994274,0.37442088,0.33077544,0.29480368,0.28561684,0.32930136,0.3850818
2,5000,100,0.6931471805599453,0.01,even,-0.38562618281130107,1.0324612998031433,500000,250000,0.00505397920454193,8.612122487825177e-4,-4.079670375836984e-4,0.00505397920454193,0.00497354919047873,0.32999997597625924,0.3300000449208155,0.33999997910289687,0.4052364500921726,0.3311529464061551,0.263610603501644,0.2547635018603459,0.32884714343547594,0.4163893547041498,0.33000006,0.32995274,0.3400472,0.4053136,0.33100692,0.26367948,0.25468652,0.32889856,0.41641492
3,5000,100,0.4054651081081644,0.02,even,-0.5195744631809277,0.8792860728076928,500000,250000,0.01001610066179986,0.0015502302287268,-7.086203321704589e-4,0.01001610066179986,0.00998090183585973,0.3299999754991335,0.33000004669645167,0.339999977804334,0.3741737589432544,0.33066531694979107,0.2951609241068737,0.28582619205501253,0.32933477644311226,0.3848390315017942,0.33000476,0.32997562,0.34001962,0.37422496,0.33057884,0.2951962,0.28578456,0.3293724,0.38484304
4,5000,100,0.6931471805599453,0.02,even,-0.38914353651347233,1.0357550965100768,500000,250000,0.01027570592374058,0.00175214386979049,-7.83532139051996e-4,0.01027570592374058,0.0102137394367527,0.32999997623134614,0.3300000444226666,0.33999997934590515,0.4048655169394721,0.33114696063988297,0.263987522420563,0.25513443552322024,0.3288531282054503,0.4160124362712473,0.32998566,0.32996596,0.34004838,0.40482912,0.3309722,0.26419868,0.2551422,0.32895972,0.41589808
5,5000,100,0.4054651081081644,0.05,even,-0.5306746857734366,0.8896821348969451,500000,250000,0.0256279546113436,0.00416527680807883,-0.00185415591706065,0.0256279546113436,0.02563312897917953,0.32999997545106363,0.33000004615134304,0.33999997839757473,0.3734983777278352,0.3306549653392572,0.295846656932889,0.28650157317429203,0.3293451269634288,0.3841532998622605,0.33011428,0.32994,0.33994572,0.37326892,0.33054996,0.29618112,0.28695964,0.32933004,0.38371032
6,5000,100,0.6931471805599453,0.05,even,-0.40003354080895753,1.0459529978973945,500000,250000,0.02548129671539855,0.00437402549095693,-0.00196731493227517,0.02548129671539855,0.02528233081263875,0.32999997698827244,0.33000004298547525,0.33999998002623366,0.40374029894184565,0.33112883119185177,0.26513086986628387,0.25625965503469916,0.3288712547790987,0.4148690901861835,0.33014194,0.32980664,0.34005142,0.40402848,0.33080844,0.26516308,0.2562554,0.32880484,0.41493976
7,5000,100,0.4054651081081644,0.01,rare,1.608276141789996,2.427333997914866,500000,250000,0.00508371704778939,8.826749215227212e-4,-0.00173924843800858,0.00508371704778939,0.0052789133308041,0.8000000856179403,0.0999999924647878,0.09999992191724756,0.8320483702248955,0.085928192571272,0.08202343720381486,0.767951801010985,0.1140717923583036,0.11797640663068024,0.80006526,0.09995968,0.09997506,0.83220276,0.08583384,0.0819634,0.76792776,0.11408552,0.11798672
8,5000,100,0.6931471805599453,0.01,rare,1.7756718281037704,2.60223755094944,500000,250000,0.00481042870703862,9.232291251322792e-4,-0.00176322126783375,0.00481042870703862,0.00478911770083141,0.80000008413068735,0.0999999916535006,0.0999999242157882,0.8540556737386288,0.07610718252061532,0.06983714374073823,0.7459444945227459,0.1238928007863859,0.13016270469083818,0.80006328,0.09994504,0.09999168,0.8542696,0.07598288,0.06974752,0.74585696,0.1239072,0.13023584
9,5000,100,0.4054651081081644,0.02,rare,1.615304596736779,2.438490148376623,500000,250000,0.00987392432095258,0.00188097720779652,-0.00366566301972835,0.00987392432095258,0.00967524718107283,0.8000000847635791,0.09999999254213617,0.09999992269422416,0.8318883601449961,0.08599895231983185,0.08211268753511147,0.7681118093821622,0.11400103276444049,0.11788715785333688,0.79993058,0.10003834,0.10003108,0.83178912,0.08600008,0.0822108,0.76807204,0.1140766,0.11785136
10,5000,100,0.6931471805599453,0.02,rare,1.782581379230855,2.613240272763193,500000,250000,0.01018304690860213,0.00186541251377956,-0.00359176304786097,0.01018304690860213,0.01043385994020345,0.8000000840004884,0.09999999092438654,0.09999992507506454,0.8537930229584004,0.07622562854542675,0.06998134849611246,0.7462071450425765,0.12377435330334632,0.13001850165401663,0.79995652,0.10001832,0.10002516,0.85372492,0.07622808,0.070047,0.74618812,0.12380856,0.13000332
11,5000,100,0.4054651081081644,0.05,rare,1.6370556994825434,2.4730142342229033,500000,250000,0.02487256836769159,0.00473798723333289,-0.00916287818264555,0.02487256836769159,0.02453248263003491,0.8000000821606025,0.09999999281892392,0.09999992502045496,0.8314031597984625,0.08621347189624504,0.08238336830527382,0.7685970045227425,0.1137865137416028,0.11761648173563612,0.80007716,0.10000886,0.09991398,0.8315752,0.08623324,0.08219156,0.7685791200000001,0.11378448,0.1176364
12,5000,100,0.6931471805599453,0.05,rare,1.803972065020439,2.6472989537696536,500000,250000,0.02527241617407646,0.00481486153952798,-0.00926440701611223,0.02527241617407646,0.02512976106419199,0.8000000867501924,0.09999998515961848,0.09999992809017048,0.8529959261803093,0.07658487830868281,0.07041919551098923,0.7470042473200755,0.12341509201055412,0.12958066066935173,0.79997014,0.10001762,0.10001224,0.85288844,0.07668588,0.07042568,0.74705184,0.12334936,0.1295988
13,5000,100,0.4054651081081644,0.01,common,-2.0218688899017336,-1.2028110335878195,500000,250000,0.00513845085351359,9.292716192353716e-4,0.00150169088580933,0.00513845085351359,0.00509082897481606,0.0999999219087681,0.09999999248813772,0.8000000856030698,0.11797640662084095,0.114071792384812,0.7679518009943159,0.08202343719669522,0.08592819259146343,0.8320483702118237,0.10011402,0.1000419,0.79984408,0.11807208,0.1141798,0.76774812,0.08215596,0.085904,0.83194004
14,5000,100,0.6931471805599453,0.01,common,-1.9090894474606124,-1.0825242355095177,500000,250000,0.00503839344489988,9.3681459391213e-4,0.00144157599949555,0.00503839344489988,0.00496452367338316,0.10000000602753424,0.09999997423884296,0.800000019733599,0.1301628086614431,0.1238927745095416,0.7459444168289854,0.069837203393625355,0.07610717396814434,0.8540556226382126,0.09997218,0.09995788,0.80006994,0.13008272,0.12387764,0.74603964,0.06986164,0.07603812,0.85410024
15,5000,100,0.4054651081081644,0.02,common,-2.0330251341903427,-1.2098394065121356,500000,250000,0.00974822969772573,0.00185348504075634,0.00296299014803118,0.00974822969772573,0.00986127447943029,0.09999991435596588,0.10000001380431542,0.8000000718396583,0.117887148184584,0.1140010569124558,0.7681117949028997,0.08211268052734777,0.08599897069617503,0.8318883487764167,0.0999595,0.099987500000000007,0.800053,0.11780076,0.11402792,0.76817132,0.08211824,0.08594708,0.83193468
16,5000,100,0.6931471805599453,0.02,common,-1.9200930639067004,-1.0894340887185665,500000,250000,0.00994698245548732,0.0019221556339004,0.0030385619442695,0.00994698245548732,0.01007600897437107,0.09999992757091448,0.10000000552912508,0.8000000668998998,0.13001850482257463,0.12377437074850636,0.7462071244288584,0.0699813503192543,0.07622564030974378,0.8537930093709412,0.09997368,0.09998114,0.80004518,0.12995596,0.12372476,0.74631928,0.0699914,0.07623752,0.85377108
17,5000,100,0.4054651081081644,0.05,common,-2.067549125977829,-1.23159059181798,500000,250000,0.02509332129102622,0.00471865750101695,0.00747158799847797,0.02509332129102622,0.02515097742429944,0.0999999250324234,0.09999999273820286,0.800000082229355,0.11761648174948522,0.11378651365085446,0.7685970045996415,0.08238336831536162,0.08621347182555125,0.8314031598590685,0.09995924,0.09998722,0.80005354,0.11756504,0.11380176,0.7686332,0.08235344,0.08617268,0.83147388
18,5000,100,0.6931471805599453,0.05,common,-1.9541518011800405,-1.11082484257754,500000,250000,0.02446496330743793,0.0047564018081213,0.00746722907179749,0.02446496330743793,0.02479841432778171,0.09999992566043726,0.09999999400628994,0.8000000803332541,0.1295806575944719,0.12341510280042468,0.7470042396050848,0.07041919372640262,0.07658488521215519,0.8529959210614234,0.09992252,0.0999494,0.80012808,0.12957756,0.12334076,0.74708168,0.07026748,0.07655804,0.85317448
19,5000,100,0.4054651081081644,0.01,bell,-2.021868429271497,2.427333136978035,500000,250000,0.00523000852019537,0.00295648778159823,-0.00205205060624172,0.00523000852019537,0.00491718431296257,0.09999996300955542,0.8000000382541075,0.09999999873631932,0.1179764543128351,0.8000000439834982,0.08202350170364898,0.08202347170627575,0.8000000325247169,0.11797649576898968,0.0999648,0.8000251,0.1000101,0.11794208,0.80007388,0.08198404,0.08198752,0.79997632,0.11803616
20,5000,100,0.6931471805599453,0.01,bell,-1.9090897753161955,2.602236955952833,500000,250000,0.00516193896906859,0.00302430660231293,-0.00200522175118085,0.00516193896906859,0.0049516011079108,0.0999999769652257,0.800000046076329,0.09999997695842748,0.1301627717275564,0.8000000460744877,0.06983718219793808,0.06983718220289499,0.8000000460781704,0.13016277171891685,0.1000186,0.79996678,0.10001462,0.13017432,0.8000102,0.06981548,0.06986288,0.79992336,0.13021376
21,5000,100,0.4054651081081644,0.02,bell,-2.0330240633532446,2.4384893202160653,500000,250000,0.00994110398434295,0.00575645947818196,-0.00386386316559101,0.00994110398434295,0.00978046828205837,0.10000000942347696,0.7999999943592334,0.09999999621722912,0.11788725842154536,0.7999999922519783,0.08211274932641585,0.08211276042540853,0.7999999964664886,0.1178872431080424,0.09993912,0.8001123,0.09994858,0.11782576,0.80002112,0.08215312,0.08205248,0.80020348,0.11774404
22,5000,100,0.6931471805599453,0.02,bell,-1.920092470247648,2.6132396587533884,500000,250000,0.01002522917796857,0.00610217972861747,-0.00390786402792745,0.01002522917796857,0.01003712062809937,0.09999997993363702,0.8000000408335112,0.09999997923279104,0.1300185712986558,0.8000000406446117,0.06998138805667173,0.06998138856861826,0.8000000410224106,0.13001857040891038,0.10000992,0.7999873200000001,0.10000276,0.13008924,0.79994124,0.06996952,0.0699306,0.8000334,0.13003599999999998
23,5000,100,0.4054651081081644,0.05,bell,-2.0675487904754006,2.4730135119479013,500000,250000,0.02517196808927447,0.01507740076161847,-0.00989034299234139,0.02517196808927447,0.02525763051744933,0.09999995436158174,0.8000000574776535,0.09999998816074618,0.1176165156872392,0.8000000627886368,0.0823834215241054,0.08238339303592428,0.8000000521666701,0.11761655479738696,0.1000036,0.79996646,0.10002994,0.11777232,0.79983624,0.08239144,0.08223488,0.80009668,0.11766844
24,5000,100,0.6931471805599453,0.05,bell,-1.9541511847934945,2.647298388661804,500000,250000,0.02557796204953965,0.01556801013523883,-0.01012442719958941,0.02557796204953965,0.02536813603390828,0.099999979204856565,0.8000000436150255,0.09999997718009936,0.12958072535608922,0.8000000430774088,0.07041923156648337,0.07041923305362388,0.8000000441526423,0.12958072279371535,0.10011416,0.7999738,0.09991204,0.12967512,0.79987264,0.07045224,0.0705532,0.80007496,0.12937184
25,5000,100,0.4054651081081644,0.01,high01low2,-0.00100046410680799,2.427333855158212,500000,250000,0.00502474510252918,0.00206801475370146,-0.00261370045053815,0.00502474510252918,0.00504726278088214,0.4500000181684928,0.4500000471764544,0.09999993465503516,0.4997511377161538,0.4182254143849459,0.08202344789888258,0.4002488986208318,0.4817746799679627,0.11797642141118776,0.44996452,0.44995896,0.10007652,0.4998774,0.4180744,0.0820482,0.40005164,0.48184352,0.11810484
26,5000,100,0.6931471805599453,0.01,high01low2,0.13885882507419414,2.602237132346388,500000,250000,0.00508582269028084,0.00216101341133332,-0.00267103299716369,0.00508582269028084,0.0051629261466464,0.4500000079075223,0.450000030770182,0.09999996132226573,0.5344858558177726,0.3956769733853508,0.06983717079685889,0.365514159997272,0.5043230881550133,0.13016275184767254,0.45003424,0.44998296,0.0999828,0.53463724,0.39556776,0.069795,0.36543124,0.50439816,0.1301706
27,5000,100,0.4054651081081644,0.02,high01low2,-0.00201642117527899,2.438489768973289,500000,250000,0.01008923032651422,0.0041820149515966,-0.00526493732032021,0.01008923032651422,0.01019573065276206,0.4500000094212826,0.4500000342015097,0.09999995637714716,0.49950096138530814,0.4183863227712138,0.08211271584341753,0.4004990574572571,0.4816137456318057,0.11788719691087676,0.44994388,0.45003526,0.10002086,0.49948496,0.41841292,0.08210212,0.4004028,0.4816576,0.1179396
28,5000,100,0.6931471805599453,0.02,high01low2,0.13786344978163112,2.6132393309594564,500000,250000,0.01017268278404626,0.00427656610313363,-0.00528823144606432,0.01017268278404626,0.01046507239500912,0.4499999775521645,0.45000001430244785,0.1000000081453271,0.5340666018608055,0.3959519889627401,0.0699814091763939,0.3659333532435235,0.5040480396421556,0.1300186071142603,0.44991094,0.45004144,0.10004762,0.5338452,0.3960968,0.070058,0.36597668,0.50398608,0.13003724
29,5000,100,0.4054651081081644,0.05,high01low2,-0.00516052008161846,2.473013805577957,500000,250000,0.02522682752430476,0.01062768043584715,-0.01337997878193854,0.02522682752430476,0.02470305722772609,0.4500000079088844,0.45000002959909224,0.0999999624920047,0.4987425394523799,0.4188740606588166,0.08238339988878482,0.40125747636538894,0.4811259985393679,0.11761652509522458,0.45031912,0.4498247,0.09985618,0.49926908,0.41856272,0.0821682,0.40136916,0.48108668,0.11754416
30,5000,100,0.6931471805599453,0.05,high01low2,0.13478203235754763,2.6472980195170672,500000,250000,0.02546857076129844,0.0109229307779914,-0.01339738788443477,0.02546857076129844,0.02560825162967206,0.44999999241824007,0.449999998334674,0.10000000924706734,0.5327951677228736,0.39678557715812707,0.07041925511898063,0.3672048171136066,0.5032144195112208,0.12958076337515403,0.44997294,0.44995288,0.10007418,0.53277524,0.39669936,0.0705254,0.36717064,0.5032064,0.12962296
31,5000,100,0.4054651081081644,0.01,U-shape,-0.00100062420303745,0.4064656181389724,500000,250000,0.0048815363639511,1.7552948250895657e-4,-3.332691810448015e-5,0.0048815363639511,0.00490668175856702,0.4499999791375726,0.10000001389003033,0.45000000697237663,0.49975109789272937,0.10000001445520278,0.40024888765204736,0.4002488603824158,0.10000001332485786,0.4997511262927059,0.44977798,0.10004284,0.45017918,0.49947056,0.10003072,0.40049872,0.4000854,0.10005496,0.49985964
32,5000,100,0.6931471805599453,0.01,U-shape,0.1388587612187981,0.5542884200469607,500000,250000,0.0049920897436193596,2.2090683089850488e-4,-6.141969562276627e-5,0.0049920897436193596,0.00499746398308053,0.44999999263603746,0.10000001489670483,0.44999999246723704,0.5344858400095043,0.1000000148907716,0.3655141450997035,0.36551414526257064,0.10000001490263807,0.5344858398347706,0.44995132,0.099958,0.45009068,0.53440236,0.0999832,0.36561444,0.36550028,0.0999328,0.53456692
33,5000,100,0.4054651081081644,0.02,U-shape,-0.00201654034472483,0.4074815455394853,500000,250000,0.00996374812890549,3.9945942042116496e-4,-1.229363695538488e-4,0.00996374812890549,0.00996260330946638,0.44999998051235024,0.10000001400980196,0.4500000054777817,0.4995009318924044,0.10000001451411314,0.40049905359341625,0.40049902913229607,0.10000001350549076,0.4995009573621471,0.45004474,0.10004412,0.44991114,0.49964468,0.10000928,0.40034604,0.4004448,0.10007896,0.49947624
34,5000,100,0.6931471805599453,0.02,U-shape,0.13786350697833163,0.5552836732713435,500000,250000,0.01000141776203714,4.0469891169355246e-4,-7.965573052915489e-5,0.01000141776203714,0.01004392326424172,0.4499999911659131,0.1000000175942578,0.4499999912397626,0.534066615950555,0.10000001759683994,0.3659333664525386,0.3659333663812714,0.10000001759167568,0.5340666160269866,0.44999934,0.10003814,0.44996252,0.53404912,0.10011,0.36584088,0.36594956,0.09996628,0.53408416
35,5000,100,0.4054651081081644,0.05,U-shape,-0.00516061793847246,0.41062565613550583,500000,250000,0.02511275096637279,9.995249076918955e-4,-2.5967119393736e-4,0.02511275096637279,0.02515558256123299,0.4499999845291711,0.10000001423863358,0.45000000123216266,0.4987425156077649,0.10000001457076985,0.4012574698214326,0.4012574534505774,0.10000001390649732,0.49874253264289264,0.4500957,0.09998064,0.44992366,0.49895996,0.09998256,0.40105748,0.40123144,0.09997872,0.49878984
36,5000,100,0.6931471805599453,0.05,U-shape,0.13478203680535236,0.5583651511064808,500000,250000,0.02546531292284136,0.00109880122741345,-3.32303476228942e-4,0.02546531292284136,0.02543717916546447,0.44999999346148023,0.10000001480140384,0.44999999173708255,0.5327951688020071,0.100000014742075,0.36720481645588454,0.36720481812095346,0.10000001486073268,0.5327951670182806,0.4500701,0.0999232,0.4500067,0.53279824,0.099871,0.36733076,0.36734196,0.0999754,0.53268264
