scena,mean_est_beta_treat,mean_var_beta_treat,mean_sandwich_var_beta_treat,n_success,n_tried,n_bad,fail_rate,count_iter,mean_est_rho_1_1,mean_est_rho_1_2,mean_est_rho_2_2,mean_est_rho_1_3,mean_est_rho_2_3,mean_est_rho_3_3,cluster_sizes,number_clusters,beta_X_list,latent_ICC,rho11,rho12,rho22,bin_rho0,bin_rho01,mean_rank_icc,ordinal_dist_type,N,m,gamma0,gamma1,gamma2,small_cluster,WH_DE_latent_icc,WH_DE_rank_icc,WH,GEE_bin1,GEE_bin2,GEE_exch,GEE_indep,Empirical,Empirical_noadj_model_based,Empirical_noadj_sandwich,Empirical_adj_model_based_K_ncat,Empirical_adj_sandwich_K_ncat,marginal_lor_by_bridge,theta_R_bin,theta_R_bin2
1,-0.40294076766563575,0.0216708147168662,0.0218084720345584,10000,10008,8,7.993605115907274e-4,6.351888866679992,0.0012367994044137,5.225747296101556e-4,-0.0019459249059679,3.0338988220784496e-4,5.587698712405566e-4,-0.00202589409655858,50,10,0.4054651081081644,0.01,0.00503612884216824,-1.7106377497428635e-4,4.252909872094897e-4,0.00503612884216824,0.00502438902158475,0.01755726659664128,U-shape,500,250,-0.2088769764427236,0.2027325348096615,0.6143420544131365,yes,0.5092010486734384,0.42893304221109557,0.6757333291717715,0.5030985769305504,0.5032797355847292,0.5630297739637221,0.6733736633631313,0.4603,0.7356,0.7347,0.4617,0.4603,0.40343268875270105,0.4034326887526986,0.4034326887526903
2,-0.4010950817882562,0.02657267524028442,0.02671691267965125,10000,10010,10,9.99000999000999e-4,6.431041375174895,0.00571022027481209,5.601503999130405e-4,-0.0016779351911378,3.237430893448556e-5,5.438176884122694e-4,-0.00160558258685992,50,10,0.4054651081081644,0.02,0.00986288422540057,-3.403008771899945e-4,8.170806810123305e-4,0.00986288422540057,0.00982474045659102,0.02311673172045924,U-shape,500,250,-0.2109299364249117,0.20273252727767532,0.6163950027327021,yes,0.4019003405811111,0.3801324092680365,0.6713228326038061,0.4344912908910277,0.43493683380159337,0.48043242115109036,0.6690036135664175,0.4136,0.6933,0.691,0.4144,0.4136,0.40138997846894753,0.4013899784689354,0.40138997846891117
3,-0.39465650489306936,0.04177650282994942,0.0416200022034858,10000,10012,12,0.00119856172592888,7.045363709032774,0.01900275456996879,8.308833277676931e-4,-0.0010699603620606,-7.518705993399167e-4,0.00107916036962734,-0.00108050502609002,50,10,0.4054651081081644,0.05,0.02526018130775966,-8.616981021086435e-4,0.00217466434454956,0.02526018130775966,0.02525762953123137,0.04026825468323852,U-shape,500,250,-0.21728347088655856,0.20273249113471445,0.6227484811751647,yes,0.24719043889482484,0.2809503898294393,0.6578102178957888,0.3012381292099825,0.3012521402830892,0.3234364543511711,0.6556148346485262,0.3153,0.5776,0.5785,0.3173,0.3153,0.39519850227260117,0.3951985022726059,0.39519850227259
4,-0.4063113926931448,0.01429982760429927,0.01434559892715251,10000,10000,0,0,3.8249,0.00294830291365593,2.1362194384620827e-4,-7.296887256867576e-4,3.209525014965275e-5,2.4537234899164786e-4,-8.101635000306561e-4,50,20,0.4054651081081644,0.01,0.00503612884216824,-1.7106377497428635e-4,4.252909872094897e-4,0.00503612884216824,0.00502438902158475,0.01755726659664128,U-shape,1000,500,-0.2088769764427236,0.2027325348096615,0.6143420544131365,yes,0.8007947532793994,0.7117725431316226,0.9278351880125205,0.794697078274024,0.7948796588444194,0.8499493431847042,0.9260762458674553,0.8163,0.8867,0.8876,0.8163,0.8163,0.40343268875270105,0.4034326887526986,0.4034326887526903
5,-0.40400123305451774,0.01747390900062301,0.0175156892706357,10000,10000,0,0,3.8575,0.00741011849451388,5.073334628708585e-4,-5.908521935265177e-4,-2.957558642000729e-4,4.598675969991669e-4,-6.397094553963114e-4,50,20,0.4054651081081644,0.02,0.00986288422540057,-3.403008771899945e-4,8.170806810123305e-4,0.00986288422540057,0.00982474045659102,0.02311673172045924,U-shape,1000,500,-0.2109299364249117,0.20273252727767532,0.6163950027327021,yes,0.6774244293973969,0.6481461891347206,0.9254250159873145,0.7185595747770628,0.7190995615095961,0.7710928041318079,0.9236538634381677,0.744,0.8288,0.8297,0.7428,0.744,0.40138997846894753,0.4013899784689354,0.40138997846891117
6,-0.3993802670604462,0.02728784487098899,0.02729145911906292,10000,10000,0,0,4.0708,0.02144062860200373,7.550140540084849e-4,-7.32481373840953e-5,-0.00121977812588548,0.00102457728864938,-2.5347561930278777e-5,50,20,0.4054651081081644,0.05,0.02526018130775966,-8.616981021086435e-4,0.00217466434454956,0.02526018130775966,0.02525762953123137,0.04026825468323852,U-shape,1000,500,-0.21728347088655856,0.20273249113471445,0.6227484811751647,yes,0.43858016766272717,0.4966372666050373,0.9177441423391383,0.5299963388043264,0.5300189674242987,0.5651254901704768,0.9159401329661713,0.5696,0.6852,0.6852,0.5704,0.5696,0.39519850227260117,0.3951985022726059,0.39519850227259
7,-0.40288029068782616,0.00659342853799722,0.00659194813037225,10000,10000,0,0,2.8095,0.00410768203156488,2.2101221910509063e-4,-2.4628806466063855e-4,-1.8192815367845737e-4,2.4079834508332196e-4,-2.857114384848483e-4,50,50,0.4054651081081644,0.01,0.00503612884216824,-1.7106377497428635e-4,4.252909872094897e-4,0.00503612884216824,0.00502438902158475,0.01755726659664128,U-shape,2500,1250,-0.2088769764427236,0.2027325348096615,0.6143420544131365,no,0.9933237229510467,0.978421564241296,0.9997202144157459,0.9926567022084414,0.9926773177528501,0.9972603227237758,0.9996950779652122,0.9935,0.9934,0.9935,0.9915,0.9915,0.40343268875270105,0.4034326887526986,0.4034326887526903
8,-0.4017822304579737,0.00806128276425092,0.0080544444368289,10000,10000,0,0,2.8463,0.00895199473354748,2.48168772162565e-4,3.1003160043937434e-5,-5.72808007129716e-4,4.371490794165392e-4,-1.2263967330103662e-7,50,50,0.4054651081081644,0.02,0.00986288422540057,-3.403008771899945e-4,8.170806810123305e-4,0.00986288422540057,0.00982474045659102,0.02311673172045924,U-shape,2500,1250,-0.2109299364249117,0.20273252727767532,0.6163950027327021,no,0.9690589337241607,0.9591012515913474,0.9996904372648572,0.9800028201465826,0.980125045020761,0.9896367174009184,0.9996632875872316,0.9825,0.9818,0.9825,0.9761,0.9764,0.40138997846894753,0.4013899784689354,0.40138997846891117
9,-0.3978531553098485,0.01258550877593285,0.01255948934288907,10000,10000,0,0,2.9987,0.02373840068392263,6.33963446581526e-4,5.84693559394123e-4,-0.00157579567692197,9.860651268609388e-4,6.763651380027789e-4,50,50,0.4054651081081644,0.05,0.02526018130775966,-8.616981021086435e-4,0.00217466434454956,0.02526018130775966,0.02525762953123137,0.04026825468323852,U-shape,2500,1250,-0.21728347088655856,0.20273249113471445,0.6227484811751647,no,0.8145034208869932,0.8698502249954871,0.999581199075238,0.8958056999364673,0.8958219621709113,0.9189858057655858,0.9995470806493161,0.9196,0.9191,0.9196,0.9005,0.9006,0.39519850227260117,0.3951985022726059,0.39519850227259
10,-0.4039992283067671,0.00344476701619936,0.00344345098376099,10000,10000,0,0,2.3956,0.00457905936715086,1.3499260534530265e-4,-1.4616334210231191e-5,-3.2606416037377057e-4,1.951686927244288e-4,5.83848428942281e-5,50,100,0.4054651081081644,0.01,0.00503612884216824,-1.7106377497428635e-4,4.252909872094897e-4,0.00503612884216824,0.00502438902158475,0.01755726659664128,U-shape,5000,2500,-0.2088769764427236,0.2027325348096615,0.6143420544131365,no,0.9999918713971,0.9998795053139461,0.9999999937624299,0.9999898945436952,0.999989959306807,0.999998929817531,0.9999999923708567,1,1,1,1,1,0.40343268875270105,0.4034326887526986,0.4034326887526903
11,-0.4020006050837186,0.00422668152425176,0.00422292058803554,10000,10000,0,0,2.4385,0.00948905475235488,2.754826544548478e-4,2.2308108193903767e-4,-5.630789990162009e-4,3.706988488582984e-4,1.948943041638542e-4,50,100,0.4054651081081644,0.02,0.00986288422540057,-3.403008771899945e-4,8.170806810123305e-4,0.00986288422540057,0.00982474045659102,0.02311673172045924,U-shape,5000,2500,-0.2109299364249117,0.20273252727767532,0.6163950027327021,no,0.9997221650719252,0.9994680710652972,0.9999999921782611,0.9998989454655933,0.9999003670388911,0.9999777536290265,0.9999999904752408,0.9997,0.9997,0.9997,0.9997,0.9997,0.40138997846894753,0.4013899784689354,0.40138997846891117
12,-0.3972860177474799,0.0065869150317264,0.00657519510025261,10000,10000,0,0,2.5915,0.02452426891605975,5.545665103383287e-4,8.821806448972204e-4,-0.00165488246460873,9.594535582276972e-4,8.762310240226267e-4,50,100,0.4054651081081644,0.05,0.02526018130775966,-8.616981021086435e-4,0.00217466434454956,0.02526018130775966,0.02525762953123137,0.04026825468323852,U-shape,5000,2500,-0.21728347088655856,0.20273249113471445,0.6227484811751647,no,0.9811001307860728,0.9918871851769238,0.9999999846064849,0.9952142447769167,0.9952160132693937,0.9973590012572117,0.9999999814949714,0.9951,0.995,0.9951,0.9941,0.9941,0.39519850227260117,0.3951985022726059,0.39519850227259
13,-0.39526784301930584,0.02141558088589054,0.02241842298498287,10000,10324,324,0.03138318481208833,25.22508758271701,0.00110529745195109,0.00142062015988648,-7.814806408496669e-4,-0.00124764418843876,9.15015783731599e-4,-7.314138331282534e-4,50,10,0.4054651081081644,0.01,0.00500303154299657,0.00115371221286086,0.00196366136735086,0.00500303154299657,0.00502359009540198,0.01707238240442779,bell,500,250,-2.0218684352947047,0.20273259646872627,2.4273336849138403,yes,0.48408489905929364,0.4334455422634829,0.6476894893803617,0.22208926445639604,0.519969160994652,0.5331201273588266,0.6444327430309149,0.4388,0.7239,0.7205,0.4514,0.4388,0.40343268875270105,0.40343268875270955,0.40343268875269633
14,-0.40332235127483707,0.02560296286932171,0.02703381196959113,10000,10312,312,0.03025601241272304,24.03484626647145,0.00558343821213628,0.00219825511304706,0.00130425502605365,-0.00369884733651979,6.441349962055021e-5,0.00121671196523209,50,10,0.4054651081081644,0.02,0.01011203855086086,0.00215808851456012,0.00389257808533562,0.01011203855086086,0.00990386743838306,0.02277824832352722,bell,500,250,-2.03302431246567,0.2027326357546678,2.438489820941849,yes,0.38102889550082414,0.3825994735251097,0.6432824762752958,0.190761107628619,0.449051316875211,0.45351076869005674,0.6400782975795658,0.4099,0.6925,0.69,0.4249,0.4099,0.40138997846894753,0.40138997846896274,0.40138997846892693
15,-0.4043362833588727,0.03865840117606349,0.04026509509624743,10000,10270,270,0.02629016553067186,20.433928922049873,0.01666517006060438,0.00550871515620396,0.00652848163613072,-0.01036084202153967,-0.0024085674476926,0.00650408271352524,50,10,0.4054651081081644,0.05,0.02512874994011783,0.0055311098869347,0.01012984049784537,0.02512874994011783,0.02525566081947008,0.04201043156359595,bell,500,250,-2.067548456966534,0.202732628745128,2.473013951513486,yes,0.23456503103073117,0.27444816317595544,0.6298096385600077,0.13893520381082258,0.31198697915230733,0.31111454634775537,0.6267658596976518,0.3101,0.5958,0.5904,0.3288,0.3101,0.39519850227260117,0.3951985022726414,0.3951985022726028
16,-0.4091659421288769,0.01405624172779833,0.01422918390303811,10000,10006,6,5.996402158704777e-4,4.363718140929535,0.00299385686062141,9.945894508027072e-4,6.710944795115667e-4,-0.00185184285255086,-3.663242485563165e-5,6.35476612942882e-4,50,20,0.4054651081081644,0.01,0.00500303154299657,0.00115371221286086,0.00196366136735086,0.00500303154299657,0.00502359009540198,0.01707238240442779,bell,1000,500,-2.0218684352947047,0.20273259646872627,2.4273336849138403,yes,0.7749988306615713,0.7172897915206233,0.911694323388689,0.3934837212329191,0.8112905628963564,0.8236556289223975,0.909155621637835,0.8222,0.8905,0.8902,0.8217,0.8222,0.40343268875270105,0.40343268875270955,0.40343268875269633
17,-0.4055860674615532,0.01694239574703384,0.01709889935091764,10000,10005,5,4.997501249375312e-4,4.630684657671164,0.00767978756007797,0.00200440419732441,0.00218359043185055,-0.00456628307386244,-7.272627328107806e-4,0.00249143596633612,50,20,0.4054651081081644,0.02,0.01011203855086086,0.00215808851456012,0.00389257808533562,0.01011203855086086,0.00990386743838306,0.02277824832352722,bell,1000,500,-2.03302431246567,0.2027326357546678,2.438489820941849,yes,0.6493805332250187,0.6515371017560116,0.9089794423310117,0.33515318912738334,0.7358952262025773,0.7410768602402398,0.9064283037541375,0.7528,0.8388,0.841,0.7498,0.7528,0.40138997846894753,0.40138997846896274,0.40138997846892693
18,-0.4044111538089544,0.02587273929326317,0.02600864789329358,10000,10005,5,4.997501249375312e-4,4.798460461861442,0.01975746049103477,0.00520221387278615,0.00808795644548256,-0.01171494238973122,-0.0035243979513429,0.00810664142005136,50,20,0.4054651081081644,0.05,0.02512874994011783,0.0055311098869347,0.01012984049784537,0.02512874994011783,0.02525566081947008,0.04201043156359595,bell,1000,500,-2.067548456966534,0.202732628745128,2.473013951513486,yes,0.4160930012191015,0.48569825485929047,0.9003729194050698,0.23491929625805882,0.5471877655093341,0.5458050529351971,0.8977898973405968,0.5879,0.7022,0.7024,0.5872,0.5879,0.39519850227260117,0.3951985022726414,0.3951985022726028
19,-0.40561917704926626,0.006595811826716,0.00659052059867853,10000,10000,0,0,2.9264,0.0040474958798322,0.00116796407146004,0.00135730805523045,-0.00237385354127736,-5.241710136254825e-4,0.001369578123157,50,50,0.4054651081081644,0.01,0.00500303154299657,0.00115371221286086,0.00196366136735086,0.00500303154299657,0.00502359009540198,0.01707238240442779,bell,2500,1250,-2.0218684352947047,0.20273259646872627,2.4273336849138403,no,0.9901869710556508,0.9797133438810256,0.9994785398589459,0.7616770105027396,0.9943715714805683,0.9954530060903731,0.9994244708114621,0.9954,0.9953,0.9954,0.993,0.9932,0.40343268875270105,0.40343268875270955,0.40343268875269633
20,-0.40374344444297927,0.0080388467806314,0.00801980600575769,10000,10000,0,0,3.047,0.00870656301432168,0.00226046982121156,0.00327138931904752,-0.00500437067618109,-0.00149643238125324,0.00336133763963691,50,50,0.4054651081081644,0.02,0.01011203855086086,0.00215808851456012,0.00389257808533562,0.01011203855086086,0.00990386743838306,0.02277824832352722,bell,2500,1250,-2.03302431246567,0.2027326357546678,2.438489820941849,no,0.9595608746270863,0.960355213960906,0.9994273422247646,0.6793481568176375,0.9836725596567247,0.9846710306277,0.9993693770711254,0.9845,0.9842,0.9845,0.979,0.9799,0.40138997846894753,0.40138997846896274,0.40138997846892693
21,-0.4022064277519322,0.01225549780985459,0.01220824741890012,10000,10000,0,0,3.419,0.02273963467163759,0.00531740617099917,0.00918377885756205,-0.01273453667992713,-0.00436359831608655,0.00927017869592866,50,50,0.4054651081081644,0.05,0.02512874994011783,0.0055311098869347,0.01012984049784537,0.02512874994011783,0.02525566081947008,0.04201043156359595,bell,2500,1250,-2.067548456966534,0.202732628745128,2.473013951513486,no,0.7892927882444681,0.8604440490827524,0.9992424155588332,0.4985064491980649,0.9076579630110064,0.9067413672728247,0.9991711790662321,0.9348,0.9341,0.9348,0.9169,0.9182,0.39519850227260117,0.3951985022726414,0.3951985022726028
22,-0.4038430363179332,0.00348691549832473,0.003476718135684,10000,10000,0,0,2.524,0.00451885283854921,0.00109496209951996,0.00171231714621628,-0.00250559699485265,-7.945309950406692e-4,0.00172398469928047,50,100,0.4054651081081644,0.01,0.00500303154299657,0.00115371221286086,0.00196366136735086,0.00500303154299657,0.00502359009540198,0.01707238240442779,bell,5000,2500,-2.0218684352947047,0.20273259646872627,2.4273336849138403,no,0.9999803706287579,0.9998955325559524,0.9999999748272215,0.9654946673279273,0.9999944954566685,0.9999966154165929,0.9999999683256147,1,1,1,1,1,0.40343268875270105,0.40343268875270955,0.40343268875269633
23,-0.4024190205102727,0.00424560297789598,0.00422659398671174,10000,10000,0,0,2.6713,0.00901693051931809,0.00224013533641548,0.00353419338346622,-0.00504082667665239,-0.00167675380229643,0.00351718551852911,50,100,0.4054651081081644,0.02,0.01011203855086086,0.00215808851456012,0.00389257808533562,0.01011203855086086,0.00990386743838306,0.02277824832352722,bell,5000,2500,-2.03302431246567,0.2027326357546678,2.438489820941849,no,0.999481907566787,0.999505325661706,0.9999999689360751,0.9293129141169809,0.9999367126492439,0.9999452789093417,0.9999999611079118,0.9999,0.9999,0.9999,0.9998,0.9998,0.40138997846894753,0.40138997846896274,0.40138997846892693
24,-0.3982667179690027,0.00656953797994593,0.00654199044538021,10000,10000,0,0,3.0364,0.02367278058054161,0.00542731522099262,0.00965638590988324,-0.0130473262981515,-0.00468921031164,0.00967747480328733,50,100,0.4054651081081644,0.05,0.02512874994011783,0.0055311098869347,0.01012984049784537,0.02512874994011783,0.02525566081947008,0.04201043156359595,bell,5000,2500,-2.067548456966534,0.202732628745128,2.473013951513486,no,0.9743420539741259,0.9904217228805102,0.99999994173103,0.7900368604931722,0.996403297595423,0.9963183678347266,0.9999999281091784,0.9959,0.9959,0.9959,0.995,0.9951,0.39519850227260117,0.3951985022726414,0.3951985022726028
25,-0.3992713717818167,0.02390470305654553,0.02492195181445178,10000,10267,267,0.02600564916723483,22.315511680187665,0.00172306128391725,7.6518116842315e-4,-3.6994840653006465e-4,-0.00105782331966231,9.389606592899456e-4,-0.0012776688466128,50,10,0.4054651081081644,0.01,0.00492309148804476,2.2981280139193664e-4,0.00239184575521051,0.00492309148804476,0.00517828249506763,0.0161558746054162,bell2,500,250,-2.021868458385526,1.0624921415811426,2.427333182860899,yes,0.45818406510477444,0.401939418808264,0.6178263035191618,0.22265046998240218,0.44914581724071656,0.4945113663162464,0.6127452471123169,0.4067,0.7021,0.699,0.4205,0.4067,0.40343268875270105,0.40343268875270866,0.4034326887526869
26,-0.4065513299806699,0.02853892513678598,0.02990204018966541,10000,10276,276,0.02685869988322304,22.898230521067553,0.00515158406469728,0.0013678022469739,0.00187167965940454,-0.002973599694402,2.5076795049682995e-4,2.6480528165063945e-4,50,10,0.4054651081081644,0.02,0.00998729803154895,3.3391268353117346e-4,0.00460291914857808,0.00998729803154895,0.00999310978683011,0.02379600440802583,bell2,500,250,-2.033023753051062,1.0667846664317633,2.438490454034623,yes,0.359808072635192,0.34048448893230626,0.6134548538943779,0.19136671550683576,0.38685072790931274,0.41341300496699607,0.6084514681456075,0.376,0.6676,0.6662,0.3914,0.376,0.40138997846894753,0.40138997846896274,0.40138997846889535
27,-0.40447972077659605,0.04263568889063226,0.04406778763248827,10000,10273,273,0.02657451572082157,21.488862722009618,0.01646625506523152,0.00205007415503473,0.00765869760210783,-0.00840149203780819,-0.00196286837586219,0.00413891721533247,50,10,0.4054651081081644,0.05,0.0244621688097356,8.43883142633667e-4,0.0118063089985665,0.0244621688097356,0.02518431299860517,0.04290162289644682,bell2,500,250,-2.067548284392464,1.080067558522768,2.473014182070595,yes,0.22189523135674627,0.24643936365480387,0.6001188688420747,0.14037381764273685,0.26926097041991076,0.27673505922668495,0.5953516861445742,0.2851,0.5715,0.5672,0.3024,0.2851,0.39519850227260117,0.395198502272641,0.3951985022725951
28,-0.40750251358230455,0.01566728115065944,0.01581896835979486,10000,10004,4,3.9984006397441024e-4,4.424930027988805,0.0025299770443984,5.264237760444903e-4,7.352058084024521e-4,-0.00143372812643247,1.9383887953695837e-4,-4.2321490675667656e-5,50,20,0.4054651081081644,0.01,0.00492309148804476,2.2981280139193664e-4,0.00239184575521051,0.00492309148804476,0.00517828249506763,0.0161558746054162,bell2,1000,500,-2.021868458385526,1.0624921415811426,2.427333182860899,yes,0.7464428053403296,0.6774756897987125,0.8923244143345177,0.394508788722111,0.7360056513113931,0.7859322821226298,0.8881958791871629,0.7795,0.8619,0.862,0.7795,0.7795,0.40343268875270105,0.40343268875270866,0.4034326887526869
29,-0.4063197288227352,0.01874224142888653,0.018852798803465,10000,10006,6,5.996402158704777e-4,4.5469812075169935,0.00676898879882587,6.434380364222715e-4,0.00309906729507183,-0.00328232436765752,-5.77416291328854e-4,0.00126961451959623,50,20,0.4054651081081644,0.02,0.00998729803154895,3.3391268353117346e-4,0.00460291914857808,0.00998729803154895,0.00999310978683011,0.02379600440802583,bell2,1000,500,-2.033023753051062,1.0667846664317633,2.438490454034623,yes,0.6195049241976581,0.5911103579072563,0.8892949930128305,0.3363000403923067,0.6573367528585625,0.6923246120821732,0.8851546254586833,0.7143,0.8143,0.8143,0.7129,0.7143,0.40138997846894753,0.40138997846896274,0.40138997846889535
30,-0.405564771942449,0.02867303176388019,0.02863810329117686,10000,10003,3,2.9991002699190244e-4,4.749850029994001,0.01999275987947343,0.00114270088472964,0.01014770339749494,-0.00926718507530163,-0.00263950838348677,0.00531154607469707,50,20,0.4054651081081644,0.05,0.0244621688097356,8.43883142633667e-4,0.0118063089985665,0.0244621688097356,0.02518431299860517,0.04290162289644682,bell2,1000,500,-2.067548284392464,1.080067558522768,2.473014182070595,yes,0.3931291385979424,0.43725383332009,0.879741015325653,0.23774173895612621,0.47688710946980456,0.48955910874225916,0.8755737035776286,0.5607,0.6757,0.6787,0.5589,0.5607,0.39519850227260117,0.395198502272641,0.3951985022725951
31,-0.4040212555589167,0.007331057166042,0.00731696117252168,10000,10000,0,0,2.9308,0.00366509022190553,3.702747140726189e-4,0.00158266389628568,-0.00172140290830873,-4.366189329610857e-4,8.113912794907298e-4,50,50,0.4054651081081644,0.01,0.00492309148804476,2.2981280139193664e-4,0.00239184575521051,0.00492309148804476,0.00517828249506763,0.0161558746054162,bell2,2500,1250,-2.021868458385526,1.0624921415811426,2.427333182860899,no,0.9856593683795312,0.9690746990884361,0.9990358263887638,0.7629795260747002,0.9836942972963052,0.9916189304999149,0.9989052295779486,0.9912,0.9909,0.9912,0.988,0.9881,0.40343268875270105,0.40343268875270866,0.4034326887526869
32,-0.402938090185778,0.00895386262562984,0.00891308911076015,10000,10000,0,0,3.0622,0.00873298291422223,4.1417639367802354e-4,0.00406284350656304,-0.00393330594044967,-0.00105289899093016,0.00217310548062786,50,50,0.4054651081081644,0.02,0.00998729803154895,3.3391268353117346e-4,0.00460291914857808,0.00998729803154895,0.00999310978683011,0.02379600440802583,bell2,2500,1250,-2.033023753051062,1.0667846664317633,2.438490454034623,no,0.9473799143866779,0.9336203067285713,0.998948989575884,0.681126063435718,0.9624372403403074,0.9734099093730091,0.9988100413884042,0.9778,0.9777,0.9778,0.9703,0.9705,0.40138997846894753,0.40138997846896274,0.40138997846889535
33,-0.39915312240819995,0.01370812094327953,0.01360645353386936,10000,10000,0,0,3.4338,0.02225765498184401,0.00110419613308842,0.01090455225404156,-0.0100241994975248,-0.00347232494280608,0.00640617885582892,50,50,0.4054651081081644,0.05,0.0244621688097356,8.43883142633667e-4,0.0118063089985665,0.0244621688097356,0.02518431299860517,0.04290162289644682,bell2,2500,1250,-2.067548284392464,1.080067558522768,2.473014182070595,no,0.7612253259971797,0.8130772671492432,0.9986401170844976,0.5042818891670855,0.8525322734347582,0.8638160351180948,0.9984731844329003,0.9015,0.9016,0.9015,0.8814,0.8821,0.39519850227260117,0.395198502272641,0.3951985022725951
34,-0.404571575064325,0.00391204869784523,0.00389780516138205,10000,10000,0,0,2.5286,0.00440518761641381,2.917727407889101e-4,0.00200189188155835,-0.00201463819406446,-5.642175893882207e-4,0.00114235975304186,50,100,0.4054651081081644,0.01,0.00492309148804476,2.2981280139193664e-4,0.00239184575521051,0.00492309148804476,0.00517828249506763,0.0161558746054162,bell2,5000,2500,-2.021868458385526,1.0624921415811426,2.427333182860899,no,0.9999530655540844,0.9997224938731567,0.9999998997233458,0.9659471621501622,0.9999369067409044,0.9999863249932258,0.9999998654677736,1,1,1,1,1,0.40343268875270105,0.40343268875270866,0.4034326887526869
35,-0.4043642633219474,0.00479804558397655,0.00476986414349862,10000,10000,0,0,2.6707,0.00934598431893089,3.771208702173647e-4,0.00442417307346939,-0.00408819883309072,-0.00131252238875975,0.00251609560736424,50,100,0.4054651081081644,0.02,0.00998729803154895,3.3391268353117346e-4,0.00460291914857808,0.00998729803154895,0.00999310978683011,0.02379600440802583,bell2,5000,2500,-2.033023753051062,1.0667846664317633,2.438490454034623,no,0.9990415614909862,0.9983474814930223,0.9999998782132777,0.9302594453632664,0.9995637628668247,0.9998045569633001,0.9999998376495692,0.9998,0.9998,0.9998,0.9998,0.9998,0.40138997846894753,0.40138997846896274,0.40138997846889535
36,-0.3979350494011405,0.00737165100211802,0.00731271137350222,10000,10000,0,0,3.037,0.02372841846419498,8.023079688073633e-4,0.0112364864586943,-0.01040024987622933,-0.00372175841442053,0.00683854963989059,50,100,0.4054651081081644,0.05,0.0244621688097356,8.43883142633667e-4,0.0118063089985665,0.0244621688097356,0.02518431299860517,0.04290162289644682,bell2,5000,2500,-2.067548284392464,1.080067558522768,2.473014182070595,no,0.9653369224866075,0.9807501383339731,0.9999997822084533,0.7958879469654554,0.9890768211622863,0.9909635439921193,0.9999997150531904,0.9933,0.993,0.9933,0.9914,0.9916,0.39519850227260117,0.395198502272641,0.3951985022725951
37,-0.4020048748004639,0.02394354859761665,0.02397914967125355,10000,10093,93,0.0092143069454077,12.31806438791733,0.00132078941630407,0.00111751355074761,-0.00135187858899801,4.4215367997117017e-4,6.74443669671472e-4,-0.00148217373361132,50,10,0.4054651081081644,0.01,0.00517040066565482,8.576852164782205e-4,7.317975753869479e-4,0.00517040066565482,0.00507114196099667,0.01592918569816168,common,500,250,-2.0218689949807644,-1.2028109133687603,-0.2088770340586156,yes,0.46400622130780167,0.40400283062407655,0.6246212386502931,0.35741879331056287,0.5025590277471945,0.515084975252813,0.6210091997488297,0.4248,0.7007,0.7,0.4251,0.4248,0.40343268875270105,0.4034326887526283,0.40343268875265825
38,-0.4006161143123778,0.02833555844496361,0.02844183159925903,10000,10098,98,0.00970489205783323,12.816764326149569,0.00444169954601444,0.00228981692810294,-5.869191261962019e-4,8.889851520486309e-4,0.00124625535255187,-9.253076849011872e-4,50,10,0.4054651081081644,0.02,0.01015443025636524,0.00174309545787781,0.00146773080951095,0.01015443025636524,0.01006576432483053,0.02238224262371262,common,500,250,-2.0330244414880587,-1.2098390497118188,-0.21092987353681517,yes,0.36455278400252233,0.3498360433085285,0.6202389650070625,0.30558613641845556,0.43213701565186624,0.43774947960586297,0.6166862533629698,0.3872,0.6679,0.6666,0.388,0.3872,0.40138997846894753,0.40138997846894964,0.4013899784689634
39,-0.4009996262419612,0.04326151950548291,0.04334545761827912,10000,10170,170,0.01671583087512291,17.110759493670887,0.01401765326323372,0.00617227692074866,0.00178540582675631,0.00265100396923257,0.00321020632331617,0.00132962531438472,50,10,0.4054651081081644,0.05,0.02491590475441047,0.00440168801369788,0.00388730281666592,0.02491590475441047,0.02505788659760843,0.03813681552360768,common,500,250,-2.0675496033957668,-1.231591024628098,-0.21728371991256432,yes,0.2247142743865979,0.262747220709447,0.6068636955356735,0.21593371521643426,0.3023530435404106,0.30258434782412674,0.6034913216065648,0.3038,0.5699,0.5717,0.3046,0.3038,0.39519850227260117,0.3951985022726183,0.3951985022726057
40,-0.4053732539568882,0.01554826560676342,0.01554463266887252,10000,10000,0,0,3.8719,0.00241768894759508,0.00111974505139457,-3.2798404377883247e-4,4.8211927404157127e-4,6.111868033427795e-4,-4.872226641872521e-4,50,20,0.4054651081081644,0.01,0.00517040066565482,8.576852164782205e-4,7.317975753869479e-4,0.00517040066565482,0.00507114196099667,0.01592918569816168,common,1000,500,-2.0218689949807644,-1.2028109133687603,-0.2088770340586156,yes,0.7530362346927033,0.6801757280432648,0.8969340082197689,0.6160553549940369,0.7941527261937693,0.8065715005455003,0.8939127973094765,0.7806,0.8633,0.8643,0.7804,0.7806,0.40343268875270105,0.4034326887526283,0.40343268875265825
41,-0.40482113776947354,0.01875072554817306,0.01870131695915546,10000,10001,1,9.999000099990002e-5,4.071192880711929,0.00691478507114492,0.00258047707350846,4.768741753612185e-4,8.966058720944311e-4,0.00126450743200191,2.891311447709967e-4,50,20,0.4054651081081644,0.02,0.01015443025636524,0.00174309545787781,0.00146773080951095,0.01015443025636524,0.01006576432483053,0.02238224262371262,common,1000,500,-2.0330244414880587,-1.2098390497118188,-0.21092987353681517,yes,0.6263037610528887,0.6049929028969455,0.8939749317774836,0.5369911460430897,0.7156962663452848,0.7224945417643198,0.8909445437774346,0.7061,0.8061,0.8067,0.7058,0.7061,0.40138997846894753,0.40138997846894964,0.4013899784689634
42,-0.402769596412604,0.02814401902733259,0.02804370652868851,10000,10006,6,5.996402158704777e-4,4.816310213871677,0.01915401954470776,0.00670414326726776,0.00309779312301222,0.00236027083217676,0.00329283433310928,0.00247756711722347,50,20,0.4054651081081644,0.05,0.02491590475441047,0.00440168801369788,0.00388730281666592,0.02491590475441047,0.02505788659760843,0.03813681552360768,common,1000,500,-2.0675496033957668,-1.231591024628098,-0.21728371991256432,yes,0.39827202162978986,0.4657177937325483,0.8846320613209786,0.38219219261142373,0.531795198347971,0.5321679431712614,0.8815806515783435,0.5529,0.6721,0.6716,0.5518,0.5529,0.39519850227260117,0.3951985022726183,0.3951985022726057
43,-0.4050727251511244,0.00723754079449329,0.00723279405925748,10000,10000,0,0,2.8384,0.00397592550445822,0.00132138810214226,3.9420531444355654e-4,4.859591830824054e-4,6.441993273990209e-4,3.027213863463542e-4,50,50,0.4054651081081644,0.01,0.00517040066565482,8.576852164782205e-4,7.317975753869479e-4,0.00517040066565482,0.00507114196099667,0.01592918569816168,common,2500,1250,-2.0218689949807644,-1.2028109133687603,-0.2088770340586156,no,0.986811964111493,0.9698972029880757,0.9991583128375944,0.9458260801233115,0.9925949994601856,0.9939157531318923,0.9990697869275477,0.9918,0.9917,0.9918,0.9898,0.9898,0.40343268875270105,0.4034326887526283,0.40343268875265825
44,-0.4031219463147883,0.00868029937410063,0.00866512233392463,10000,10000,0,0,2.937,0.00855923036967152,0.00275955786683344,0.00133927155651676,9.9053032229423e-4,0.00123920169556338,9.868521545035906e-4,50,50,0.4054651081081644,0.02,0.01015443025636524,0.00174309545787781,0.00146773080951095,0.01015443025636524,0.01006576432483053,0.02238224262371262,common,2500,1250,-2.0330244414880587,-1.2098390497118188,-0.21092987353681517,no,0.9503507005565187,0.9406266859641124,0.9990809990091215,0.9007487852178244,0.9793459451094824,0.9808815901717236,0.9989866427774966,0.9795,0.9793,0.9795,0.9728,0.973,0.40138997846894753,0.40138997846894964,0.4013899784689634
45,-0.4004912391304382,0.01307739979018557,0.01305319384691981,10000,10000,0,0,3.1378,0.0226234900045741,0.0069560615381342,0.00414636684008836,0.00227823630305485,0.00337816052830472,0.00336981520320306,50,50,0.4054651081081644,0.05,0.02491590475441047,0.00440168801369788,0.00388730281666592,0.02491590475441047,0.02505788659760843,0.03813681552360768,common,2500,1250,-2.0675496033957668,-1.231591024628098,-0.21728371991256432,no,0.7677198375834909,0.8420627943849383,0.9988050608153661,0.7470064357830185,0.8970929495280773,0.8973582883091831,0.9986910949362732,0.9145,0.9136,0.9145,0.8952,0.897,0.39519850227260117,0.3951985022726183,0.3951985022726057
46,-0.4040447416736304,0.00381151648162922,0.00380812025734293,10000,10000,0,0,2.4407,0.00469230432285551,0.00140872097777206,6.713084973990314e-4,4.158877394705476e-4,6.86425118730489e-4,4.810782001679744e-4,50,100,0.4054651081081644,0.01,0.00517040066565482,8.576852164782205e-4,7.317975753869479e-4,0.00517040066565482,0.00507114196099667,0.01592918569816168,common,5000,2500,-2.0218689949807644,-1.2028109133687603,-0.2088770340586156,no,0.99996129623479,0.9997393383162477,0.9999999261549081,0.9989739786424742,0.9999896992947025,0.9999934248255089,0.9999999067866812,1,1,1,1,1,0.40343268875270105,0.4034326887526283,0.40343268875265825
47,-0.402221884501969,0.00460644640647343,0.00460094384843611,10000,10000,0,0,2.5136,0.00919376332075943,0.00289900739757197,0.00160260375933822,9.971766353446996e-4,0.00137536806663431,0.00123814530565185,50,100,0.4054651081081644,0.02,0.01015443025636524,0.00174309545787781,0.00146773080951095,0.01015443025636524,0.01006576432483053,0.02238224262371262,common,5000,2500,-2.0330244414880587,-1.2098390497118188,-0.21092987353681517,no,0.9991634146350408,0.9987281590225129,0.999999909996997,0.9957342936586958,0.99989110723974,0.9999089110084077,0.9999998869661765,0.9994,0.9994,0.9994,0.9993,0.9993,0.40138997846894753,0.40138997846894964,0.4013899784689634
48,-0.3978200958312652,0.0069050217878382,0.00689249424920655,10000,10000,0,0,2.7111,0.02384430680890872,0.00723026773213761,0.00434467232709342,0.00235773961834098,0.00336915583917128,0.00354793331308571,50,100,0.4054651081081644,0.05,0.02491590475441047,0.00440168801369788,0.00388730281666592,0.02491590475441047,0.02505788659760843,0.03813681552360768,common,5000,2500,-2.0675496033957668,-1.231591024628098,-0.21728371991256432,no,0.9675640962316869,0.9871349115137937,0.9999998373338528,0.9601505492235166,0.9953530493585464,0.9953813639807656,0.9999997987276368,0.9946,0.9946,0.9946,0.9935,0.9936,0.39519850227260117,0.3951985022726183,0.3951985022726057
49,-0.4063277881239939,0.02005140869905426,0.02047246945405267,10000,10052,52,0.00517309988062077,7.37925881649731,0.00130453636377562,8.974024352803872e-4,-0.00139173869557549,-3.1145076643742525e-4,9.079805598206036e-4,-0.00144563780555011,50,10,0.4054651081081644,0.01,0.005054821922011,4.7723072236650194e-4,7.138211856116247e-4,0.005054821922011,0.00504060189606158,0.01711377124834828,even,500,250,-0.911646705010349,0.2027325451854841,1.317111793888632,yes,0.49987601706408535,0.4600122378600137,0.6654279678873962,0.41023287541333703,0.5197014268725083,0.5506749354415325,0.6625639014877676,0.4887,0.7588,0.7573,0.494,0.4887,0.40343268875270105,0.4034326887527021,0.4034326887527027
50,-0.4035221078919013,0.02508298299083564,0.02534419450361397,10000,10046,46,0.00457893689030459,7.071385842472583,0.00606086420462219,0.00145699890165044,-8.717719516858186e-4,-0.00142620851496055,0.00119095959914778,-7.747381518894447e-4,50,10,0.4054651081081644,0.02,0.01004023760769139,9.790610550575506e-4,0.00140598895527455,0.01004023760769139,0.0100344362786641,0.0228874851150259,even,500,250,-0.9172139192349448,0.2027325416295258,1.3226790007905478,yes,0.39411594338965955,0.40609789480653863,0.6610152132733461,0.350844144461703,0.44749558093337,0.46620145816574304,0.6581976830041871,0.4269,0.7022,0.7033,0.4342,0.4269,0.40138997846894753,0.40138997846894575,0.4013899784689402
51,-0.4056378370999197,0.03919303268221572,0.03979231979010082,10000,10070,70,0.00695134061569016,9.377215694084844,0.01929336480241376,0.00259181357605336,0.0014814653555802,-0.00522513477763709,0.00189324388479121,0.00127645822357696,50,10,0.4054651081081644,0.05,0.02532526695822606,0.00238433892037487,0.00366541323440195,0.02532526695822606,0.02530163376801608,0.04098079431271701,even,500,250,-0.9344430726917672,0.2027325299515743,1.339908132540895,yes,0.24246147830242995,0.29603948251012024,0.6475067045670981,0.24422562812952237,0.3117254871665476,0.3158844336479981,0.6448315491737431,0.3331,0.5989,0.5985,0.3362,0.3331,0.39519850227260117,0.39519850227261366,0.3951985022726031
52,-0.4060200541761903,0.01350343720622735,0.01354798525838346,10000,10000,0,0,3.8839,0.00312953719528987,6.455024044175263e-4,-3.173877719570249e-4,-7.878133818106228e-4,5.253717279110471e-4,-3.7419804073352865e-4,50,20,0.4054651081081644,0.01,0.005054821922011,4.7723072236650194e-4,7.138211856116247e-4,0.005054821922011,0.00504060189606158,0.01711377124834828,even,1000,500,-0.911646705010349,0.2027325451854841,1.317111793888632,yes,0.7914331933992365,0.7485241002841524,0.9221295339554441,0.6882491433801206,0.8110336651466354,0.8393932989158134,0.9199989879290462,0.8294,0.8966,0.8982,0.828,0.8294,0.40343268875270105,0.4034326887527021,0.4034326887527027
53,-0.40613362649217344,0.01634409746987914,0.01639346339738755,10000,10000,0,0,3.9784,0.0076410089079382,9.34164173310646e-4,3.576500098461797e-4,-0.0020833648498833,8.818534993726986e-4,3.784586668373895e-4,50,20,0.4054651081081644,0.02,0.01004023760769139,9.790610550575506e-4,0.00140598895527455,0.01004023760769139,0.0100344362786641,0.0228874851150259,even,1000,500,-0.9172139192349448,0.2027325416295258,1.3226790007905478,yes,0.6671204133527397,0.6829038964812099,0.9196066953335539,0.6064736616673375,0.7340734570114604,0.7554959355979707,0.917462735488904,0.7671,0.8457,0.8488,0.7653,0.7671,0.40138997846894753,0.40138997846894575,0.4013899784689402
54,-0.40358719895946454,0.02603578895060821,0.02591920489793488,10000,10000,0,0,4.2799,0.02114911424293719,0.00260367459677704,0.00242651149154836,-0.00590073520054697,0.00155377001544608,0.0025017069575936,50,20,0.4054651081081644,0.05,0.02532526695822606,0.00238433892037487,0.00366541323440195,0.02532526695822606,0.02530163376801608,0.04098079431271701,even,1000,500,-0.9344430726917672,0.2027325299515743,1.339908132540895,yes,0.43020494825262745,0.5215609335226563,0.9115826968752878,0.43333607837571086,0.5467735638564348,0.5533374110608569,0.9094030029907655,0.5933,0.7028,0.7057,0.593,0.5933,0.39519850227260117,0.39519850227261366,0.3951985022726031
55,-0.4038073865942822,0.00621942481805211,0.00621001396134318,10000,10000,0,0,2.8403,0.00399917624863679,5.859789943969187e-4,2.136915721273662e-4,-0.00105613271511656,4.026088204450557e-4,2.1000486629203425e-4,50,50,0.4054651081081644,0.01,0.005054821922011,4.7723072236650194e-4,7.138211856116247e-4,0.005054821922011,0.00504060189606158,0.01711377124834828,even,2500,1250,-0.911646705010349,0.2027325451854841,1.317111793888632,no,0.9922813433899134,0.9860304713516785,0.9996463189707027,0.9722653570370816,0.9943473872870235,0.996609880081613,0.9996111523140968,0.9966,0.9965,0.9966,0.9943,0.9945,0.40343268875270105,0.4034326887527021,0.4034326887527027
56,-0.40387436925437464,0.00774610623394615,0.00771259201256881,10000,10000,0,0,2.9596,0.00901600401890936,9.762471733513212e-4,9.715629524299696e-4,-0.00244341517773024,5.679202032630599e-4,9.759587019207036e-4,50,50,0.4054651081081644,0.02,0.01004023760769139,9.790610550575506e-4,0.00140598895527455,0.01004023760769139,0.0100344362786641,0.0228874851150259,even,2500,1250,-0.9172139192349448,0.2027325416295258,1.3226790007905478,no,0.9657743669998609,0.9707126324485218,0.9996097762838253,0.9413420492013655,0.9833110167800402,0.9872249012455392,0.9995718998154552,0.9848,0.9843,0.9848,0.9792,0.9802,0.40138997846894753,0.40138997846894575,0.4013899784689402
57,-0.39905445718157295,0.01231767586147558,0.01222319786349943,10000,10000,0,0,3.2204,0.02366246650739893,0.0023977814828142,0.00322372590519112,-0.00661433756211682,0.0013020664315551,0.00315478150103437,50,50,0.4054651081081644,0.05,0.02532526695822606,0.00238433892037487,0.00366541323440195,0.02532526695822606,0.02530163376801608,0.04098079431271701,even,2500,1250,-0.9344430726917672,0.2027325299515743,1.339908132540895,no,0.8053710944343132,0.8896192706702619,0.9994764991272111,0.8088206272899138,0.9073840530327549,0.9116584560617749,0.9994292987843006,0.9274,0.9264,0.9274,0.908,0.9097,0.39519850227260117,0.39519850227261366,0.3951985022726031
58,-0.4046367243371232,0.00329488636893105,0.00328696414050652,10000,10000,0,0,2.4353,0.00456265750826669,5.466647681112021e-4,4.465326206561231e-4,-0.00124495934079584,2.984793965620862e-4,4.894505119729194e-4,50,100,0.4054651081081644,0.01,0.005054821922011,4.7723072236650194e-4,7.138211856116247e-4,0.005054821922011,0.00504060189606158,0.01711377124834828,even,5000,2500,-0.911646705010349,0.2027325451854841,1.317111793888632,no,0.9999886738731384,0.9999558144442134,0.9999999894594274,0.9997844869012282,0.9999944413452466,0.9999982643106278,0.999999986852408,1,1,1,1,1,0.40343268875270105,0.4034326887527021,0.4034326887527027
59,-0.40212599551079575,0.00407945939270098,0.00406055581511172,10000,10000,0,0,2.5417,0.00932083051938213,0.00100762180014499,0.00114933919163244,-0.002593137865319,4.960620731523357e-4,0.00118020620315689,50,100,0.4054651081081644,0.02,0.01004023760769139,9.790610550575506e-4,0.00140598895527455,0.01004023760769139,0.0100344362786641,0.0228874851150259,even,5000,2500,-0.9172139192349448,0.2027325416295258,1.3226790007905478,no,0.9996487165075999,0.9997554419938246,0.9999999868617663,0.9987638029850606,0.9999334344455288,0.9999640268159036,0.9999999836910134,0.9999,0.9999,0.9999,0.9997,0.9997,0.40138997846894753,0.40138997846894575,0.4013899784689402
60,-0.3973201733762181,0.00654030142413517,0.00649111142388619,10000,10000,0,0,2.8288,0.02434696398830366,0.00245718809804718,0.00335662173805616,-0.00686131438353953,0.00122996021558411,0.00339844425198296,50,100,0.4054651081081644,0.05,0.02532526695822606,0.00238433892037487,0.00366541323440195,0.02532526695822606,0.02530163376801608,0.04098079431271701,even,5000,2500,-0.9344430726917672,0.2027325299515743,1.339908132540895,no,0.9787927838056336,0.9945134838007718,0.9999999746055476,0.9796828310685048,0.9963780390141626,0.9967605050773135,0.9999999689189871,0.9963,0.9963,0.9963,0.9958,0.9958,0.39519850227260117,0.39519850227261366,0.3951985022726031
61,-0.4011352841668174,0.0236381640021198,0.02435556080478451,10000,10167,167,0.0164256909609521,16.15209238057639,0.00120909789402485,3.889727099140287e-4,-0.00137630057161367,-5.553269726662929e-4,7.526324324797373e-4,-0.00127895476651777,50,10,0.4054651081081644,0.01,0.00512240352815277,-0.00130873409432636,7.604052634917283e-4,0.00512240352815277,0.00523653748807188,0.01616411510908873,rare,500,250,0.6143421759537722,1.6082760389321409,2.4273332801459513,yes,0.4640062175982669,0.4018648163083889,0.6246212343360154,0.5017710901904455,0.3566512416190449,0.5139054102775281,0.6210091953520911,0.4265,0.7031,0.701,0.436,0.4265,0.40343268875270105,0.40343268875269184,0.4034326887526445
62,-0.4009299070184191,0.02784037894461987,0.02858083420346519,10000,10178,178,0.01748870112006288,16.619366926338625,0.00499549313156368,-5.554438897189612e-4,-8.910520642614918e-4,-0.00187478007334796,0.00117087470479215,-7.554902499976005e-4,50,10,0.4054651081081644,0.02,0.01018057904555025,-0.00268596493616035,0.00155385938618122,0.01018057904555025,0.01024784850436618,0.02165577789758892,rare,500,250,0.6163950682600314,1.615304386449409,2.4384892349566445,yes,0.36455277627951765,0.35486163960709716,0.6202389540183351,0.4308161068025037,0.3048105828194333,0.4360822528873969,0.6166862420936824,0.3914,0.6676,0.6652,0.4023,0.3914,0.40138997846894753,0.40138997846891367,0.401389978468792
63,-0.4008379200989667,0.04239941134484445,0.04375966885739195,10000,10261,261,0.02543611733749147,23.04250932652661,0.01898418126827404,-0.00420567994431822,0.00132141105792568,-0.00744500092509292,0.00323060979622836,0.00177826529627226,50,10,0.4054651081081644,0.05,0.02531482939743231,-0.00684080741734957,0.00394013380311282,0.02531482939743231,0.02511403145714221,0.03842342796127971,rare,500,250,0.622748834876065,1.6370561185964014,2.473014612461182,yes,0.22471427402843136,0.2616944002096283,0.6068636946837714,0.30093851557360485,0.21518530884774664,0.30100790428164426,0.6034913207461807,0.2974,0.5615,0.56,0.3073,0.2974,0.39519850227260117,0.39519850227259967,0.3951985022725897
64,-0.4034322495564069,0.01573546340697713,0.01583488198016676,10000,10002,2,1.999600079984003e-4,3.89001099890011,0.00290918874912822,-1.88271955177794e-4,-5.31602939626657e-4,-0.00114320708009466,6.629597423529187e-4,-2.9020330176749256e-4,50,20,0.4054651081081644,0.01,0.00512240352815277,-0.00130873409432636,7.604052634917283e-4,0.00512240352815277,0.00523653748807188,0.01616411510908873,rare,1000,500,0.6143421759537722,1.6082760389321409,2.4273332801459513,yes,0.7530362305240974,0.6773778268107222,0.8969340053312137,0.7933562463556707,0.6149435083453366,0.8054214695076923,0.8939127943153705,0.7737,0.8596,0.8599,0.7736,0.7737,0.40343268875270105,0.40343268875269184,0.4034326887526445
65,-0.4043011463541222,0.01872618427203304,0.01882588547793482,10000,10001,1,9.999000099990002e-5,4.053994600539946,0.00749220563230202,-0.00151744304808327,3.5861919869979687e-4,-0.00291958053480148,0.0012904384464907,5.91748917449092e-4,50,20,0.4054651081081644,0.02,0.01018057904555025,-0.00268596493616035,0.00155385938618122,0.01018057904555025,0.01024784850436618,0.02165577789758892,rare,1000,500,0.6163950682600314,1.615304386449409,2.4384892349566445,yes,0.6263037500420874,0.6123442139712728,0.8939749242946893,0.7140823970489842,0.5357475252838985,0.7204850207850528,0.8909445359759184,0.7097,0.808,0.808,0.7105,0.7097,0.40138997846894753,0.40138997846891367,0.401389978468792
66,-0.4005597001074709,0.02803201142550239,0.02812233613311897,10000,10007,7,6.995103427600679e-4,4.936844209053662,0.02144371406323757,-0.00521518838069055,0.0025823756197269,-0.00853898927796638,0.00315606452861587,0.00309982536344824,50,20,0.4054651081081644,0.05,0.02531482939743231,-0.00684080741734957,0.00394013380311282,0.02531482939743231,0.02511403145714221,0.03842342796127971,rare,1000,500,0.622748834876065,1.6370561185964014,2.473014612461182,yes,0.39827202097756986,0.4639016406183095,0.8846320607108646,0.5295123103961863,0.3808134032938775,0.5296244316765224,0.8815806509527371,0.5531,0.6681,0.6672,0.5534,0.5531,0.39519850227260117,0.39519850227259967,0.3951985022725897
67,-0.40514113566637855,0.00722900372415345,0.00723468295917082,10000,10000,0,0,2.8639,0.00402343513599651,-9.347423555455468e-4,2.2853964066026344e-4,-0.00162073249703202,7.258275673805261e-4,3.416361347734411e-4,50,50,0.4054651081081644,0.01,0.00512240352815277,-0.00130873409432636,7.604052634917283e-4,0.00512240352815277,0.00523653748807188,0.01616411510908873,rare,2500,1250,0.6143421759537722,1.6082760389321409,2.4273332801459513,no,0.9868119634039032,0.9690445960203438,0.9991583127643853,0.9925040712473833,0.9453184960297222,0.9938009174403933,0.9990697868461281,0.9915,0.9915,0.9915,0.9876,0.988,0.40343268875270105,0.40343268875269184,0.4034326887526445
68,-0.4030505422451532,0.00874663047506906,0.00874827728195453,10000,10000,0,0,2.9432,0.00906507228370671,-0.00218719597719796,0.0010025967750664,-0.00363256095311413,0.00132590859028372,0.00133574030029156,50,50,0.4054651081081644,0.02,0.01018057904555025,-0.00268596493616035,0.00155385938618122,0.01018057904555025,0.01024784850436618,0.02165577789758892,rare,2500,1250,0.6163950682600314,1.615304386449409,2.4384892349566445,no,0.9503506958426764,0.9441188951579991,0.9990809988076883,0.9789691525275424,0.8998821695555713,0.9804362570311735,0.9989866425525178,0.9791,0.9792,0.9791,0.9709,0.9713,0.40138997846894753,0.40138997846891367,0.401389978468792
69,-0.39822328652378713,0.01305783336388281,0.01305368101385073,10000,10000,0,0,3.1746,0.02357501327553494,-0.00603862917453871,0.00326176470262127,-0.00956118457213501,0.00332995357236022,0.0041188923339246,50,50,0.4054651081081644,0.05,0.02531482939743231,-0.00684080741734957,0.00394013380311282,0.02531482939743231,0.02511403145714221,0.03842342796127971,rare,2500,1250,0.622748834876065,1.6370561185964014,2.473014612461182,no,0.7677198367675673,0.8403131574110905,0.9988050607956974,0.8954574250102486,0.7451742083363173,0.8955381722325741,0.998691094914767,0.9133,0.9132,0.9133,0.8941,0.8943,0.39519850227260117,0.39519850227259967,0.3951985022725897
70,-0.4031625364378909,0.00381042186914029,0.00380715178075122,10000,10000,0,0,2.4477,0.00449396694341519,-0.00109579369436084,4.662420621938686e-4,-0.00185450414770203,6.371039426313728e-4,7.384795501654003e-4,50,100,0.4054651081081644,0.01,0.00512240352815277,-0.00130873409432636,7.604052634917283e-4,0.00512240352815277,0.00523653748807188,0.01616411510908873,rare,5000,2500,0.6143421759537722,1.6082760389321409,2.4273332801459513,no,0.9999612962300134,0.999721865851393,0.9999999261548936,0.9999894076994665,0.9989513217566576,0.9999931380322358,0.9999999067866627,0.9999,0.9999,0.9999,0.9999,0.9999,0.40343268875270105,0.40343268875269184,0.4034326887526445
71,-0.4022198207702492,0.00460727459534799,0.0046039846764591,10000,10000,0,0,2.5496,0.00951204332549192,-0.0023892530711865,0.00120020746928561,-0.00384693925618654,0.00135671155739949,0.0015997337564734,50,100,0.4054651081081644,0.02,0.01018057904555025,-0.00268596493616035,0.00155385938618122,0.01018057904555025,0.01024784850436618,0.02165577789758892,rare,5000,2500,0.6163950682600314,1.615304386449409,2.4384892349566445,no,0.9991634144492733,0.9988966316971615,0.9999999099969524,0.999886459264985,0.9956456442757696,0.9999039347587702,0.9999998869661199,0.9999,0.9999,0.9999,0.9999,0.9999,0.40138997846894753,0.40138997846891367,0.401389978468792
72,-0.39654919268246575,0.00694400465795594,0.00693965945334913,10000,10000,0,0,2.7905,0.02457074563727488,-0.00648035788375227,0.00364737590692887,-0.01001285898512079,0.00344746081684791,0.0044305776948359,50,100,0.4054651081081644,0.05,0.02531482939743231,-0.00684080741734957,0.00394013380311282,0.02531482939743231,0.02511403145714221,0.03842342796127971,rare,5000,2500,0.622748834876065,1.6370561185964014,2.473014612461182,no,0.9675640959573878,0.9867920021810904,0.9999998373338468,0.9951762785154447,0.9594508076866198,0.9951850966028029,0.9999997987276293,0.9932,0.9932,0.9932,0.9925,0.9926,0.39519850227260117,0.39519850227259967,0.3951985022725897
